latitude,longitude,bright_ti4,scan,track,acq_date,acq_time,satellite,instrument,confidence,version,bright_ti5,frp,daynight
8.11408,80.98805,327.4,0.49,0.65,2026-09-25,718,N20,VIIRS,n,2.0NRT,273.49,3.03,D
8.1165,80.9865,326.95,0.49,0.65,2026-09-25,718,N20,VIIRS,n,2.0NRT,273.8,4.01,D
8.96131,80.84394,349.33,0.48,0.65,2026-09-25,720,N20,VIIRS,n,2.0NRT,274.75,6.56,D
8.96315,80.84235,344.69,0.49,0.65,2026-09-25,720,N20,VIIRS,n,2.0NRT,275.27,8.71,D
8.97896,80.67806,328.63,0.5,0.66,2026-09-25,720,N20,VIIRS,n,2.0NRT,271.67,3.73,D
9.3869,80.32471,328.91,0.52,0.67,2026-09-25,720,N20,VIIRS,n,2.0NRT,272.45,3.89,D
9.38892,80.32713,326.97,0.52,0.67,2026-09-25,720,N20,VIIRS,n,2.0NRT,272.04,3.49,D
25.96023,93.66666,332.58,0.42,0.45,2026-09-25,722,N20,VIIRS,n,2.0NRT,293.3,2.2,D
27.02924,94.89082,331.41,0.51,0.49,2026-09-25,724,N20,VIIRS,n,2.0NRT,295.33,3.25,D
27.67086,96.2429,328.06,0.63,0.54,2026-09-25,724,N20,VIIRS,n,2.0NRT,292.15,5.03,D
27.73505,96.28443,342.53,0.32,0.54,2026-09-25,724,N20,VIIRS,n,2.0NRT,291.04,3.36,D
27.73532,96.28761,334.31,0.32,0.54,2026-09-25,724,N20,VIIRS,n,2.0NRT,289.63,3.36,D
27.73546,96.28601,367,0.32,0.54,2026-09-25,724,N20,VIIRS,h,2.0NRT,290.97,7.07,D
27.74861,96.26527,343.49,0.64,0.54,2026-09-25,724,N20,VIIRS,n,2.0NRT,294.34,11.11,D
27.7489,96.26693,348.07,0.63,0.54,2026-09-25,724,N20,VIIRS,n,2.0NRT,294.48,11.2,D
27.75473,96.10436,327.46,0.62,0.54,2026-09-25,724,N20,VIIRS,n,2.0NRT,295.56,2.7,D
27.88988,96.08911,328.85,0.62,0.54,2026-09-25,724,N20,VIIRS,n,2.0NRT,295.77,2.73,D
30.21978,72.10999,337.73,0.61,0.71,2026-09-25,726,N20,VIIRS,n,2.0NRT,297.7,5.06,D
30.82652,74.12354,367,0.45,0.63,2026-09-25,726,N20,VIIRS,h,2.0NRT,296.44,14.98,D
18.8579,72.92867,367,0.34,0.56,2026-09-25,902,N20,VIIRS,h,2.0NRT,296.78,6.48,D
19.36833,71.35696,332.92,0.54,0.51,2026-09-25,902,N20,VIIRS,n,2.0NRT,293.83,2.46,D
21.10027,72.63811,339.28,0.34,0.56,2026-09-25,905,N20,VIIRS,n,2.0NRT,291.47,2.53,D
21.10648,72.64751,338.48,0.34,0.56,2026-09-25,905,N20,VIIRS,n,2.0NRT,290.39,4.37,D
22.93247,69.69941,341.66,0.47,0.48,2026-09-25,905,N20,VIIRS,n,2.0NRT,308.89,4.91,D
25.6359,69.49288,340.68,0.49,0.49,2026-09-25,905,N20,VIIRS,n,2.0NRT,305.85,2.37,D
27.40991,71.41462,338.36,0.34,0.56,2026-09-25,905,N20,VIIRS,l,2.0NRT,312.17,2.51,D
27.63429,68.38343,337.45,0.45,0.47,2026-09-25,905,N20,VIIRS,l,2.0NRT,309.09,8.45,D
27.63857,68.38287,344.3,0.45,0.47,2026-09-25,905,N20,VIIRS,n,2.0NRT,308.58,11.29,D
27.95555,68.99998,335.37,0.49,0.48,2026-09-25,905,N20,VIIRS,l,2.0NRT,307.96,3.09,D
27.95791,68.93439,348.56,0.48,0.48,2026-09-25,905,N20,VIIRS,n,2.0NRT,309.33,8.28,D
31.47302,75.06176,330.12,0.62,0.71,2026-09-25,905,N20,VIIRS,n,2.0NRT,292.06,3.97,D
28.05278,69.37175,342.45,0.52,0.5,2026-09-25,907,N20,VIIRS,n,2.0NRT,305.28,4.36,D
28.05295,69.36971,335.28,0.52,0.5,2026-09-25,907,N20,VIIRS,n,2.0NRT,304.71,6.41,D
28.70712,68.19604,346.45,0.45,0.47,2026-09-25,907,N20,VIIRS,n,2.0NRT,313.03,4.72,D
29.11624,71.02922,348.2,0.34,0.56,2026-09-25,907,N20,VIIRS,n,2.0NRT,298.77,3.76,D
30.81184,76.01312,304.96,0.67,0.74,2026-09-25,1947,N20,VIIRS,n,2.0NRT,289.21,1.2,N
21.59277,96.22589,306.56,0.55,0.51,2026-09-25,1949,N20,VIIRS,n,2.0NRT,289.61,1.51,N
21.59378,96.22981,306.38,0.55,0.51,2026-09-25,1949,N20,VIIRS,n,2.0NRT,289.61,1.35,N
22.05646,88.12705,306.21,0.39,0.36,2026-09-25,1949,N20,VIIRS,n,2.0NRT,289.67,2.66,N
22.36356,87.01646,309.33,0.4,0.37,2026-09-25,1949,N20,VIIRS,n,2.0NRT,290.18,1.87,N
22.48031,90.70952,306.41,0.41,0.37,2026-09-25,1949,N20,VIIRS,n,2.0NRT,289.69,0.33,N
22.79265,86.1945,306.86,0.43,0.38,2026-09-25,1949,N20,VIIRS,n,2.0NRT,289.03,1.14,N
23.58118,86.72454,309.78,0.42,0.37,2026-09-25,1949,N20,VIIRS,n,2.0NRT,292.03,1.65,N
23.63302,86.29369,306.11,0.43,0.38,2026-09-25,1949,N20,VIIRS,n,2.0NRT,289.8,1.62,N
23.68424,86.39553,310.74,0.43,0.38,2026-09-25,1949,N20,VIIRS,n,2.0NRT,290.15,2.16,N
23.68484,86.39132,312.57,0.43,0.38,2026-09-25,1949,N20,VIIRS,n,2.0NRT,290.02,2.35,N
23.76654,86.40283,299.45,0.43,0.38,2026-09-25,1949,N20,VIIRS,n,2.0NRT,287.78,1.27,N
23.77379,86.19624,299.69,0.44,0.38,2026-09-25,1949,N20,VIIRS,n,2.0NRT,287.25,0.88,N
23.77531,86.3656,314.16,0.43,0.38,2026-09-25,1949,N20,VIIRS,n,2.0NRT,290.39,2.02,N
23.77932,86.38784,303.93,0.43,0.38,2026-09-25,1949,N20,VIIRS,n,2.0NRT,288.99,0.78,N
24.11442,86.85885,311.92,0.42,0.37,2026-09-25,1949,N20,VIIRS,n,2.0NRT,292.06,2.3,N
26.0373,91.26945,305.54,0.4,0.37,2026-09-25,1949,N20,VIIRS,n,2.0NRT,289.56,0.94,N
27.32738,95.27514,304.16,0.57,0.43,2026-09-25,1949,N20,VIIRS,n,2.0NRT,288.64,0.46,N
27.37604,95.3362,305.69,0.57,0.43,2026-09-25,1949,N20,VIIRS,n,2.0NRT,287.8,1.25,N
27.37995,95.33717,308.43,0.57,0.43,2026-09-25,1949,N20,VIIRS,n,2.0NRT,289.05,1.43,N
27.38107,95.33154,302.08,0.57,0.43,2026-09-25,1949,N20,VIIRS,n,2.0NRT,286.83,0.79,N
28.32125,77.21558,301.9,0.54,0.68,2026-09-25,1949,N20,VIIRS,n,2.0NRT,286.56,0.53,N
28.32468,77.2164,303.04,0.54,0.68,2026-09-25,1949,N20,VIIRS,n,2.0NRT,287.49,0.84,N
28.7114,76.85444,304.46,0.58,0.69,2026-09-25,1949,N20,VIIRS,n,2.0NRT,290.71,0.83,N
28.74586,77.12883,308.73,0.55,0.68,2026-09-25,1949,N20,VIIRS,n,2.0NRT,290.46,1.81,N
28.74622,77.12306,304.49,0.55,0.68,2026-09-25,1949,N20,VIIRS,n,2.0NRT,290.21,1.6,N
28.74872,77.1236,312.17,0.55,0.68,2026-09-25,1949,N20,VIIRS,n,2.0NRT,290.16,2.71,N
15.89415,75.41387,303.63,0.52,0.67,2026-09-25,1951,N20,VIIRS,n,2.0NRT,278.45,0.89,N
9.26441,80.14289,317.62,0.41,0.45,2026-09-25,1953,N20,VIIRS,n,2.0NRT,285.98,3.19,N
6.71078,81.14463,316.1,0.5,0.41,2026-09-25,1955,N20,VIIRS,n,2.0NRT,281.38,2.33,N
7.03093,81.41808,326.48,0.49,0.4,2026-09-25,1955,N20,VIIRS,n,2.0NRT,286.16,1.82,N
31.25991,76.92419,303.16,0.4,0.6,2026-09-25,2127,N20,VIIRS,n,2.0NRT,287.51,0.77,N
32.30343,74.31696,310.51,0.53,0.5,2026-09-25,2127,N20,VIIRS,n,2.0NRT,293.21,1.1,N
32.37838,72.13929,303.23,0.4,0.44,2026-09-25,2127,N20,VIIRS,n,2.0NRT,292.51,0.88,N
32.57783,72.56284,304.73,0.42,0.45,2026-09-25,2127,N20,VIIRS,n,2.0NRT,294.71,0.86,N
32.72164,72.92389,302.66,0.44,0.46,2026-09-25,2127,N20,VIIRS,n,2.0NRT,291.69,0.89,N
32.88892,71.61581,309.08,0.56,0.43,2026-09-25,2127,N20,VIIRS,n,2.0NRT,293.47,1.73,N
33.29803,71.18494,309.31,0.52,0.42,2026-09-25,2127,N20,VIIRS,n,2.0NRT,291.25,1.58,N
33.54732,71.55065,308,0.54,0.42,2026-09-25,2127,N20,VIIRS,n,2.0NRT,293.61,1.18,N
33.85066,72.86997,303.42,0.41,0.45,2026-09-25,2127,N20,VIIRS,n,2.0NRT,292.76,0.7,N
26.25904,74.09378,305.02,0.35,0.57,2026-09-25,2129,N20,VIIRS,n,2.0NRT,294.57,0.73,N
27.66821,76.13337,302.72,0.43,0.62,2026-09-25,2129,N20,VIIRS,n,2.0NRT,292.65,0.74,N
27.66926,76.12911,302.91,0.43,0.62,2026-09-25,2129,N20,VIIRS,n,2.0NRT,292.51,0.74,N
28.03909,69.67334,310.35,0.54,0.42,2026-09-25,2129,N20,VIIRS,n,2.0NRT,298.76,1.25,N
28.0411,69.67314,309.42,0.54,0.42,2026-09-25,2129,N20,VIIRS,n,2.0NRT,298.68,1.87,N
28.05239,69.36746,332.3,0.52,0.41,2026-09-25,2129,N20,VIIRS,n,2.0NRT,298.92,2.77,N
28.42653,69.70271,314.97,0.53,0.42,2026-09-25,2129,N20,VIIRS,n,2.0NRT,297.33,2.32,N
30.44603,70.56556,306.56,0.54,0.42,2026-09-25,2129,N20,VIIRS,n,2.0NRT,294.91,1.11,N
30.8128,76.01749,306.22,0.36,0.57,2026-09-25,2129,N20,VIIRS,n,2.0NRT,291.38,0.36,N
32.28991,70.73689,306.73,0.52,0.41,2026-09-25,2129,N20,VIIRS,n,2.0NRT,293.07,1.06,N
18.68553,73.03807,303.34,0.43,0.62,2026-09-25,2131,N20,VIIRS,n,2.0NRT,291.74,2.39,N
18.6873,73.03009,308.32,0.43,0.62,2026-09-25,2131,N20,VIIRS,n,2.0NRT,292.29,1.7,N
18.69138,73.05018,303.69,0.43,0.62,2026-09-25,2131,N20,VIIRS,n,2.0NRT,291.33,1.26,N
20.91288,71.4604,297.51,0.62,0.54,2026-09-25,2131,N20,VIIRS,n,2.0NRT,280.85,0.67,N
21.10282,72.63406,309.43,0.36,0.58,2026-09-25,2131,N20,VIIRS,n,2.0NRT,274.91,1.58,N
21.10501,72.64906,298.86,0.36,0.58,2026-09-25,2131,N20,VIIRS,n,2.0NRT,271.47,1.02,N
21.10576,72.64562,302.38,0.36,0.58,2026-09-25,2131,N20,VIIRS,n,2.0NRT,272.42,1.03,N
21.1132,72.63664,300.77,0.36,0.58,2026-09-25,2131,N20,VIIRS,n,2.0NRT,273.92,0.71,N
22.33986,69.85315,308.4,0.46,0.47,2026-09-25,2131,N20,VIIRS,n,2.0NRT,298.15,3.19,N
22.93245,69.69536,314.2,0.44,0.46,2026-09-25,2131,N20,VIIRS,n,2.0NRT,295.33,1.54,N
22.93579,69.70051,308.08,0.44,0.46,2026-09-25,2131,N20,VIIRS,n,2.0NRT,296.13,3.45,N
22.93663,69.69632,314.88,0.44,0.46,2026-09-25,2131,N20,VIIRS,n,2.0NRT,296.04,1.54,N
23.12218,70.08675,327.97,0.46,0.47,2026-09-25,2131,N20,VIIRS,n,2.0NRT,296.44,2.76,N
24.66351,74.63251,302.88,0.41,0.61,2026-09-25,2131,N20,VIIRS,n,2.0NRT,287.11,1.2,N
24.6637,74.63251,303.17,0.41,0.61,2026-09-25,2131,N20,VIIRS,n,2.0NRT,287.34,1.3,N
24.82184,73.0936,307.68,0.33,0.55,2026-09-25,2131,N20,VIIRS,n,2.0NRT,295.81,0.73,N
24.82252,73.09056,305.09,0.33,0.55,2026-09-25,2131,N20,VIIRS,n,2.0NRT,293.7,0.73,N
25.38707,68.58394,322.23,0.52,0.41,2026-09-25,2131,N20,VIIRS,n,2.0NRT,297.22,2.08,N
20.38675,94.79185,330.19,0.39,0.36,2026-09-26,701,N20,VIIRS,l,2.0NRT,303.55,4.55,D
23.36205,94.07321,332.58,0.39,0.36,2026-09-26,703,N20,VIIRS,n,2.0NRT,299.18,2.47,D
23.55062,94.01763,331.73,0.39,0.36,2026-09-26,703,N20,VIIRS,n,2.0NRT,297.52,3.51,D
23.58638,91.41004,331.84,0.4,0.37,2026-09-26,703,N20,VIIRS,n,2.0NRT,296.89,4.47,D
24.10703,94.34943,336.77,0.4,0.37,2026-09-26,703,N20,VIIRS,n,2.0NRT,298.29,3.15,D
24.15115,94.27402,332.07,0.4,0.37,2026-09-26,703,N20,VIIRS,n,2.0NRT,296.24,2.47,D
24.24913,90.31681,329.69,0.43,0.38,2026-09-26,703,N20,VIIRS,n,2.0NRT,296.55,1.7,D
24.27361,96.49424,334.42,0.48,0.4,2026-09-26,703,N20,VIIRS,n,2.0NRT,299.83,4.55,D
24.35112,93.90215,332.61,0.39,0.36,2026-09-26,703,N20,VIIRS,n,2.0NRT,296.52,4.37,D
25.12214,93.72086,333.66,0.39,0.36,2026-09-26,703,N20,VIIRS,n,2.0NRT,293.51,4.49,D
25.98845,95.7088,330.09,0.46,0.39,2026-09-26,703,N20,VIIRS,l,2.0NRT,303.25,3.4,D
26.55315,90.57652,334.1,0.4,0.37,2026-09-26,703,N20,VIIRS,n,2.0NRT,297.04,3.58,D
26.68863,90.3174,332.57,0.41,0.37,2026-09-26,703,N20,VIIRS,n,2.0NRT,296.51,2.39,D
27.37606,95.33617,333.03,0.45,0.39,2026-09-26,703,N20,VIIRS,n,2.0NRT,296.47,3.51,D
27.62027,96.27795,329.58,0.5,0.41,2026-09-26,703,N20,VIIRS,n,2.0NRT,295.33,3.21,D
27.6227,96.29795,340.55,0.51,0.41,2026-09-26,703,N20,VIIRS,n,2.0NRT,295.56,20.07,D
27.67282,96.2394,343.8,0.5,0.41,2026-09-26,703,N20,VIIRS,n,2.0NRT,295.44,9.18,D
27.67389,96.24158,332.32,0.5,0.41,2026-09-26,703,N20,VIIRS,n,2.0NRT,296.47,6.07,D
27.69246,96.01874,338.03,0.49,0.4,2026-09-26,703,N20,VIIRS,n,2.0NRT,296.97,4.32,D
27.72258,96.26524,333.39,0.5,0.41,2026-09-26,703,N20,VIIRS,n,2.0NRT,295.73,2.52,D
27.72819,96.27991,344.91,0.51,0.41,2026-09-26,703,N20,VIIRS,n,2.0NRT,297.72,18.54,D
27.7288,96.28497,331.04,0.51,0.41,2026-09-26,703,N20,VIIRS,n,2.0NRT,294.71,34.68,D
27.74758,96.31335,334.54,0.51,0.41,2026-09-26,703,N20,VIIRS,n,2.0NRT,295.46,4.35,D
27.76327,96.31621,346.08,0.51,0.41,2026-09-26,703,N20,VIIRS,n,2.0NRT,297.43,12.99,D
27.83328,95.9194,333.89,0.49,0.4,2026-09-26,703,N20,VIIRS,n,2.0NRT,296.98,4.46,D
27.8339,95.92432,336.33,0.49,0.4,2026-09-26,703,N20,VIIRS,n,2.0NRT,297,4.26,D
27.84248,95.31905,333.73,0.46,0.39,2026-09-26,703,N20,VIIRS,n,2.0NRT,297.94,3.5,D
27.84837,96.82487,333.52,0.54,0.42,2026-09-26,703,N20,VIIRS,n,2.0NRT,297.2,8.67,D
27.84951,96.82346,335.26,0.54,0.42,2026-09-26,703,N20,VIIRS,n,2.0NRT,297,7.96,D
27.87459,96.90467,337.6,0.55,0.42,2026-09-26,703,N20,VIIRS,n,2.0NRT,300.8,20.04,D
27.92761,96.75127,331.76,0.54,0.42,2026-09-26,703,N20,VIIRS,n,2.0NRT,297.74,5.01,D
27.94175,96.69084,331.35,0.53,0.42,2026-09-26,703,N20,VIIRS,n,2.0NRT,295.73,6.61,D
27.94367,96.68913,342.4,0.53,0.42,2026-09-26,703,N20,VIIRS,n,2.0NRT,296.94,11.68,D
27.94767,96.68968,343.84,0.53,0.42,2026-09-26,703,N20,VIIRS,n,2.0NRT,296.97,12.16,D
27.94901,96.70067,337.93,0.53,0.42,2026-09-26,703,N20,VIIRS,n,2.0NRT,296.16,6.99,D
27.94908,96.68658,332.2,0.53,0.42,2026-09-26,703,N20,VIIRS,n,2.0NRT,297.91,6.97,D
27.95024,96.66276,332.64,0.53,0.42,2026-09-26,703,N20,VIIRS,n,2.0NRT,295.83,3.39,D
27.95098,96.70307,331.25,0.53,0.42,2026-09-26,703,N20,VIIRS,n,2.0NRT,297.27,3.9,D
27.96431,96.95971,332.54,0.55,0.43,2026-09-26,703,N20,VIIRS,n,2.0NRT,296.95,30.92,D
28.0949,95.4884,329.77,0.47,0.4,2026-09-26,703,N20,VIIRS,n,2.0NRT,295.74,1.71,D
7.07227,81.37486,331.24,0.41,0.61,2026-09-26,839,N20,VIIRS,n,2.0NRT,291.43,3.2,D
7.23571,81.83648,337.42,0.45,0.63,2026-09-26,839,N20,VIIRS,n,2.0NRT,292,4.33,D
7.23607,81.70891,333.31,0.44,0.62,2026-09-26,839,N20,VIIRS,n,2.0NRT,293.62,2.65,D
7.94178,81.19389,330.08,0.41,0.61,2026-09-26,839,N20,VIIRS,n,2.0NRT,294.17,3.28,D
8.08674,81.3706,334.02,0.43,0.62,2026-09-26,839,N20,VIIRS,n,2.0NRT,293.96,2.82,D
8.10577,79.91924,341.97,0.34,0.56,2026-09-26,839,N20,VIIRS,n,2.0NRT,290.95,2.52,D
8.14786,80.11826,342.72,0.35,0.57,2026-09-26,839,N20,VIIRS,n,2.0NRT,291.71,3.41,D
8.19995,80.3901,339.02,0.37,0.58,2026-09-26,839,N20,VIIRS,n,2.0NRT,294.02,3.92,D
8.21433,79.85052,340.51,0.34,0.56,2026-09-26,839,N20,VIIRS,n,2.0NRT,291.11,5.34,D
8.22718,81.36347,336.87,0.43,0.62,2026-09-26,839,N20,VIIRS,n,2.0NRT,292.54,3.62,D
8.26043,80.72172,343.7,0.39,0.59,2026-09-26,839,N20,VIIRS,n,2.0NRT,294.33,5.36,D
8.36082,81.2631,338.45,0.42,0.61,2026-09-26,839,N20,VIIRS,n,2.0NRT,293.54,2.71,D
8.46043,80.41341,347.34,0.37,0.58,2026-09-26,839,N20,VIIRS,n,2.0NRT,294.56,11.76,D
8.46088,80.41679,367,0.37,0.58,2026-09-26,839,N20,VIIRS,h,2.0NRT,294.1,11.01,D
8.46387,80.35843,343.11,0.37,0.58,2026-09-26,839,N20,VIIRS,n,2.0NRT,295.22,3.23,D
8.46625,80.41615,339.45,0.37,0.58,2026-09-26,839,N20,VIIRS,n,2.0NRT,292.7,11.01,D
8.4676,80.35746,347.08,0.37,0.58,2026-09-26,839,N20,VIIRS,n,2.0NRT,294.39,3.65,D
8.48486,80.76118,332.29,0.39,0.6,2026-09-26,839,N20,VIIRS,n,2.0NRT,296.01,1.83,D
8.50333,80.55055,340.92,0.38,0.59,2026-09-26,839,N20,VIIRS,n,2.0NRT,293.57,2.61,D
8.50377,80.55399,332.72,0.38,0.59,2026-09-26,839,N20,VIIRS,n,2.0NRT,293.12,2.61,D
8.5064,80.55042,352.02,0.38,0.59,2026-09-26,839,N20,VIIRS,n,2.0NRT,294.27,6.7,D
8.50687,80.55387,344.47,0.38,0.59,2026-09-26,839,N20,VIIRS,n,2.0NRT,292.66,6.7,D
8.50875,80.54988,339.12,0.38,0.59,2026-09-26,839,N20,VIIRS,n,2.0NRT,293.22,3.26,D
8.50919,80.55331,331.25,0.38,0.59,2026-09-26,839,N20,VIIRS,n,2.0NRT,291.98,3.26,D
8.64434,80.39325,341.45,0.37,0.58,2026-09-26,839,N20,VIIRS,n,2.0NRT,295.14,2.57,D
8.69106,80.34914,333.75,0.37,0.58,2026-09-26,839,N20,VIIRS,n,2.0NRT,294.78,1.94,D
8.70221,80.78967,331.54,0.4,0.6,2026-09-26,839,N20,VIIRS,n,2.0NRT,293.66,2.16,D
8.76132,80.76738,330.24,0.4,0.6,2026-09-26,839,N20,VIIRS,n,2.0NRT,295.71,4.73,D
8.7618,80.7711,347.2,0.4,0.6,2026-09-26,839,N20,VIIRS,n,2.0NRT,294.69,4.73,D
8.77175,80.54819,336.64,0.38,0.59,2026-09-26,839,N20,VIIRS,n,2.0NRT,296.73,4.94,D
8.79572,80.24866,333.04,0.37,0.58,2026-09-26,839,N20,VIIRS,n,2.0NRT,295.42,4.1,D
8.82321,80.50509,336.13,0.38,0.59,2026-09-26,839,N20,VIIRS,n,2.0NRT,296.79,3.44,D
8.8704,78.0858,341.85,0.52,0.5,2026-09-26,839,N20,VIIRS,n,2.0NRT,300.36,8.56,D
8.89292,80.78735,337.03,0.4,0.6,2026-09-26,839,N20,VIIRS,n,2.0NRT,294.7,1.12,D
8.89368,80.49621,333.86,0.38,0.59,2026-09-26,839,N20,VIIRS,n,2.0NRT,298.93,2.91,D
8.94498,80.84093,367,0.4,0.6,2026-09-26,839,N20,VIIRS,h,2.0NRT,297.81,6.97,D
9.0133,80.59179,330.05,0.39,0.59,2026-09-26,839,N20,VIIRS,n,2.0NRT,296.22,1.76,D
9.19866,80.63182,332.41,0.39,0.6,2026-09-26,839,N20,VIIRS,n,2.0NRT,298.15,2.83,D
9.38067,80.60472,330.97,0.4,0.6,2026-09-26,839,N20,VIIRS,n,2.0NRT,297.9,2.82,D
9.47904,80.58419,337.62,0.4,0.6,2026-09-26,839,N20,VIIRS,n,2.0NRT,299.07,3.32,D
9.48945,78.58305,338.52,0.58,0.52,2026-09-26,839,N20,VIIRS,n,2.0NRT,306.39,8.26,D
9.50479,77.60306,333.81,0.5,0.49,2026-09-26,839,N20,VIIRS,l,2.0NRT,307.54,2.08,D
9.542,77.79538,339.27,0.51,0.49,2026-09-26,839,N20,VIIRS,n,2.0NRT,307.09,5.17,D
9.64055,79.87835,335.29,0.36,0.57,2026-09-26,839,N20,VIIRS,n,2.0NRT,299.07,4.07,D
9.65361,79.89654,330.49,0.36,0.57,2026-09-26,839,N20,VIIRS,n,2.0NRT,299.02,1.82,D
9.69456,77.81956,334.57,0.52,0.5,2026-09-26,839,N20,VIIRS,l,2.0NRT,306.59,4.2,D
9.70747,77.67725,336.68,0.5,0.49,2026-09-26,839,N20,VIIRS,n,2.0NRT,301.69,3.21,D
9.7662,79.0093,332.83,0.62,0.54,2026-09-26,839,N20,VIIRS,n,2.0NRT,299.49,3.43,D
9.81778,78.89182,333.16,0.61,0.54,2026-09-26,839,N20,VIIRS,n,2.0NRT,300.64,5.12,D
9.85983,78.21469,332.94,0.55,0.51,2026-09-26,839,N20,VIIRS,n,2.0NRT,299.32,4.03,D
9.87609,78.30017,331.2,0.56,0.51,2026-09-26,839,N20,VIIRS,n,2.0NRT,299.55,3.44,D
10.37598,79.26829,333.48,0.33,0.55,2026-09-26,839,N20,VIIRS,n,2.0NRT,301.76,2.22,D
10.4187,79.23825,338.75,0.33,0.55,2026-09-26,839,N20,VIIRS,n,2.0NRT,300.77,3.22,D
10.46516,79.24951,352.24,0.33,0.55,2026-09-26,839,N20,VIIRS,n,2.0NRT,302.86,3.81,D
10.46553,79.25253,334.61,0.33,0.55,2026-09-26,839,N20,VIIRS,n,2.0NRT,302.4,3.81,D
10.46688,79.25061,351.24,0.33,0.55,2026-09-26,839,N20,VIIRS,n,2.0NRT,301.73,4.85,D
10.88271,79.31465,339.93,0.34,0.56,2026-09-26,841,N20,VIIRS,n,2.0NRT,299.96,4.07,D
11.24263,79.49302,332.83,0.35,0.57,2026-09-26,841,N20,VIIRS,n,2.0NRT,298.69,1.92,D
11.43383,78.12321,332.86,0.57,0.52,2026-09-26,841,N20,VIIRS,n,2.0NRT,301.91,2.03,D
11.59509,77.8193,330.51,0.55,0.51,2026-09-26,841,N20,VIIRS,l,2.0NRT,301.84,2.14,D
11.6464,79.12472,331.73,0.34,0.56,2026-09-26,841,N20,VIIRS,n,2.0NRT,301.14,1.87,D
11.70279,79.28355,342.86,0.35,0.56,2026-09-26,841,N20,VIIRS,n,2.0NRT,300.17,3.16,D
12.84051,78.5225,343.74,0.32,0.54,2026-09-26,841,N20,VIIRS,n,2.0NRT,298.83,3.97,D
12.84071,78.52483,347.13,0.32,0.54,2026-09-26,841,N20,VIIRS,n,2.0NRT,297.83,4.76,D
14.26159,79.69938,343.63,0.4,0.6,2026-09-26,841,N20,VIIRS,n,2.0NRT,296.36,3.73,D
15.16244,76.38383,334.13,0.49,0.49,2026-09-26,841,N20,VIIRS,n,2.0NRT,295.88,8.43,D
18.44931,75.2264,330.83,0.46,0.47,2026-09-26,843,N20,VIIRS,n,2.0NRT,286.98,3.6,D
20.38382,74.14952,341.23,0.42,0.45,2026-09-26,843,N20,VIIRS,n,2.0NRT,297.4,4.41,D
22.82152,69.39707,330.06,0.4,0.37,2026-09-26,843,N20,VIIRS,l,2.0NRT,304.75,0.86,D
23.04278,69.94942,332.09,0.42,0.37,2026-09-26,843,N20,VIIRS,l,2.0NRT,306.73,0.8,D
23.04292,69.94863,333.61,0.42,0.37,2026-09-26,843,N20,VIIRS,l,2.0NRT,307.79,1.65,D
23.12794,69.90655,341.05,0.42,0.37,2026-09-26,843,N20,VIIRS,n,2.0NRT,308.12,9.01,D
23.44763,70.38526,332.71,0.43,0.38,2026-09-26,843,N20,VIIRS,l,2.0NRT,306.44,1.13,D
23.5071,69.26835,335.8,0.4,0.37,2026-09-26,845,N20,VIIRS,l,2.0NRT,308.41,4.4,D
23.76551,70.55219,334.67,0.44,0.39,2026-09-26,845,N20,VIIRS,l,2.0NRT,307.15,1.75,D
25.04505,68.64224,335.91,0.4,0.37,2026-09-26,845,N20,VIIRS,n,2.0NRT,304.71,2.77,D
25.27421,69.56358,337.75,0.42,0.38,2026-09-26,845,N20,VIIRS,n,2.0NRT,306.43,3.17,D
25.38602,68.58359,334.97,0.4,0.37,2026-09-26,845,N20,VIIRS,l,2.0NRT,306.18,3.23,D
25.67201,68.85219,336.76,0.4,0.37,2026-09-26,845,N20,VIIRS,l,2.0NRT,310.5,2.44,D
25.67259,68.88084,339.29,0.41,0.37,2026-09-26,845,N20,VIIRS,n,2.0NRT,308.74,3.58,D
27.22158,68.16164,336.81,0.4,0.37,2026-09-26,845,N20,VIIRS,l,2.0NRT,309.39,5.74,D
27.39381,70.84896,336.58,0.5,0.41,2026-09-26,845,N20,VIIRS,l,2.0NRT,306.95,1.89,D
27.71717,68.75127,334.77,0.41,0.37,2026-09-26,845,N20,VIIRS,l,2.0NRT,306.19,2.58,D
28.05294,69.36912,341.77,0.44,0.38,2026-09-26,845,N20,VIIRS,n,2.0NRT,308.68,6.82,D
28.05357,69.37017,336.09,0.44,0.38,2026-09-26,845,N20,VIIRS,l,2.0NRT,306.31,6.48,D
30.03959,75.77003,335.07,0.34,0.56,2026-09-26,845,N20,VIIRS,n,2.0NRT,295.48,2.77,D
30.42323,73.60644,334.35,0.51,0.49,2026-09-26,845,N20,VIIRS,n,2.0NRT,299.72,3.36,D
31.00024,74.13892,345.19,0.56,0.51,2026-09-26,845,N20,VIIRS,n,2.0NRT,301.41,20.22,D
31.0562,74.44249,341.23,0.58,0.52,2026-09-26,845,N20,VIIRS,n,2.0NRT,300.17,5.45,D
31.09406,74.61827,331.79,0.6,0.53,2026-09-26,845,N20,VIIRS,n,2.0NRT,300.45,4.05,D
31.10414,74.68123,336.26,0.6,0.53,2026-09-26,845,N20,VIIRS,n,2.0NRT,298.57,5.01,D
31.44388,72.47352,340.93,0.45,0.47,2026-09-26,845,N20,VIIRS,n,2.0NRT,299.96,3.57,D
31.47236,75.05521,346.21,0.32,0.55,2026-09-26,845,N20,VIIRS,n,2.0NRT,298.88,3.03,D
31.73568,75.25216,340.59,0.33,0.55,2026-09-26,845,N20,VIIRS,n,2.0NRT,299.53,4.14,D
31.61955,70.65818,333.7,0.54,0.42,2026-09-26,848,N20,VIIRS,n,2.0NRT,301.07,3.81,D
31.77441,74.97915,367,0.32,0.55,2026-09-26,848,N20,VIIRS,h,2.0NRT,297.2,6.06,D
31.83408,73.42273,336.51,0.52,0.5,2026-09-26,848,N20,VIIRS,n,2.0NRT,297.45,4.09,D
31.83423,73.42445,331.2,0.52,0.5,2026-09-26,848,N20,VIIRS,n,2.0NRT,296.76,6.34,D
33.22001,71.48829,338.03,0.42,0.45,2026-09-26,848,N20,VIIRS,n,2.0NRT,303.86,2.15,D
33.29571,71.18687,331.22,0.4,0.45,2026-09-26,848,N20,VIIRS,n,2.0NRT,303.94,2.61,D
34.11412,74.9061,343.63,0.34,0.56,2026-09-26,848,N20,VIIRS,n,2.0NRT,305.22,4.67,D
35.67908,73.6643,340.82,0.59,0.53,2026-09-26,848,N20,VIIRS,n,2.0NRT,300.37,7.07,D
35.6803,73.6603,336.58,0.59,0.53,2026-09-26,848,N20,VIIRS,n,2.0NRT,302.93,4.45,D
35.68071,73.66561,330.96,0.59,0.53,2026-09-26,848,N20,VIIRS,n,2.0NRT,298.35,4.45,D
27.32554,95.27709,313.71,0.39,0.36,2026-09-26,1930,N20,VIIRS,n,2.0NRT,291.91,1.83,N
27.37687,95.08773,304.65,0.38,0.36,2026-09-26,1930,N20,VIIRS,n,2.0NRT,291.52,1.19,N
27.37759,95.33515,330.97,0.39,0.36,2026-09-26,1930,N20,VIIRS,n,2.0NRT,292.17,5.4,N
27.79122,96.19383,301.14,0.4,0.37,2026-09-26,1930,N20,VIIRS,n,2.0NRT,289.35,0.27,N
29.26456,91.92567,302.25,0.45,0.39,2026-09-26,1930,N20,VIIRS,n,2.0NRT,282.52,1.08,N
29.37537,91.14826,303.86,0.49,0.4,2026-09-26,1930,N20,VIIRS,n,2.0NRT,276.81,1.09,N
29.66012,90.89816,296.12,0.5,0.41,2026-09-26,1930,N20,VIIRS,n,2.0NRT,277.56,0.91,N
29.7895,91.60738,295.22,0.47,0.4,2026-09-26,1930,N20,VIIRS,n,2.0NRT,276.47,0.53,N
30.06888,96.97687,307.07,0.4,0.37,2026-09-26,1930,N20,VIIRS,n,2.0NRT,285.36,1.17,N
19.96566,79.33081,305.53,0.66,0.73,2026-09-26,1932,N20,VIIRS,n,2.0NRT,291.57,0.98,N
20.70626,78.61716,302.78,0.75,0.77,2026-09-26,1932,N20,VIIRS,n,2.0NRT,291.82,2.13,N
20.96676,85.17262,298.39,0.56,0.52,2026-09-26,1932,N20,VIIRS,n,2.0NRT,284.66,2.14,N
20.96992,86.01019,303.17,0.5,0.49,2026-09-26,1932,N20,VIIRS,n,2.0NRT,287.48,2.75,N
21.24293,79.22042,300.31,0.69,0.74,2026-09-26,1932,N20,VIIRS,n,2.0NRT,288.28,0.94,N
21.24318,79.22143,301.95,0.69,0.74,2026-09-26,1932,N20,VIIRS,n,2.0NRT,288.61,1.02,N
21.33865,78.96637,303.52,0.72,0.76,2026-09-26,1932,N20,VIIRS,n,2.0NRT,287.46,1.07,N
21.5929,96.22708,308.35,0.45,0.39,2026-09-26,1932,N20,VIIRS,n,2.0NRT,294.16,2.04,N
21.67242,84.03824,305.25,0.34,0.56,2026-09-26,1932,N20,VIIRS,n,2.0NRT,290.27,1.2,N
21.67406,84.03917,309.02,0.34,0.56,2026-09-26,1932,N20,VIIRS,n,2.0NRT,290.1,1.4,N
21.67795,84.03548,319.28,0.34,0.56,2026-09-26,1932,N20,VIIRS,n,2.0NRT,291.1,1.2,N
21.67957,84.03642,324.84,0.34,0.56,2026-09-26,1932,N20,VIIRS,n,2.0NRT,291.96,1.4,N
21.68278,84.03941,309.58,0.34,0.56,2026-09-26,1932,N20,VIIRS,n,2.0NRT,291.18,1.36,N
21.73774,83.97941,302.91,0.34,0.56,2026-09-26,1932,N20,VIIRS,n,2.0NRT,289.99,0.69,N
21.8048,82.03549,300.5,0.46,0.64,2026-09-26,1932,N20,VIIRS,n,2.0NRT,282.75,0.78,N
21.88107,83.55185,306.65,0.37,0.58,2026-09-26,1932,N20,VIIRS,n,2.0NRT,286.45,1.41,N
21.88178,83.54462,303.32,0.37,0.58,2026-09-26,1932,N20,VIIRS,n,2.0NRT,286.54,0.91,N
21.92226,83.35341,298.11,0.38,0.59,2026-09-26,1932,N20,VIIRS,n,2.0NRT,277.14,0.71,N
21.92262,83.34971,313.39,0.38,0.59,2026-09-26,1932,N20,VIIRS,n,2.0NRT,277.18,1.07,N
21.92299,83.34599,299.94,0.38,0.59,2026-09-26,1932,N20,VIIRS,n,2.0NRT,276.01,1.07,N
21.92951,83.33541,296.66,0.38,0.59,2026-09-26,1932,N20,VIIRS,n,2.0NRT,274.57,0.6,N
22.00513,82.66653,305.38,0.42,0.61,2026-09-26,1932,N20,VIIRS,n,2.0NRT,284.58,1.17,N
22.01591,83.75215,300.85,0.36,0.57,2026-09-26,1932,N20,VIIRS,n,2.0NRT,287.08,0.81,N
22.03189,83.7429,300.65,0.36,0.57,2026-09-26,1932,N20,VIIRS,n,2.0NRT,286.36,0.86,N
22.03302,83.36328,297.85,0.38,0.59,2026-09-26,1932,N20,VIIRS,n,2.0NRT,270.69,0.85,N
22.0382,83.73293,301.94,0.36,0.57,2026-09-26,1932,N20,VIIRS,n,2.0NRT,286.4,0.85,N
22.03854,83.72939,301.45,0.36,0.57,2026-09-26,1932,N20,VIIRS,n,2.0NRT,285.92,0.85,N
22.03924,83.73359,304.2,0.36,0.57,2026-09-26,1932,N20,VIIRS,n,2.0NRT,286.52,1.22,N
22.0396,83.73006,307.14,0.36,0.57,2026-09-26,1932,N20,VIIRS,n,2.0NRT,286.59,1.44,N
22.03988,83.34923,299.47,0.38,0.59,2026-09-26,1932,N20,VIIRS,n,2.0NRT,272.59,0.47,N
22.04385,83.72995,304.14,0.36,0.57,2026-09-26,1932,N20,VIIRS,n,2.0NRT,285.83,0.72,N
22.04418,83.72646,307.13,0.36,0.57,2026-09-26,1932,N20,VIIRS,n,2.0NRT,285.9,0.72,N
22.05432,88.12502,310.96,0.38,0.43,2026-09-26,1932,N20,VIIRS,n,2.0NRT,296.03,1.2,N
22.06779,83.70433,306.98,0.36,0.58,2026-09-26,1932,N20,VIIRS,n,2.0NRT,285.92,0.81,N
22.2037,84.57739,302.72,0.32,0.55,2026-09-26,1932,N20,VIIRS,n,2.0NRT,290.03,0.54,N
22.3207,82.56414,295.96,0.43,0.62,2026-09-26,1932,N20,VIIRS,n,2.0NRT,271.57,0.78,N
22.3241,82.58992,299.79,0.43,0.62,2026-09-26,1932,N20,VIIRS,n,2.0NRT,269.44,0.33,N
22.35714,96.70194,303.88,0.46,0.39,2026-09-26,1932,N20,VIIRS,n,2.0NRT,292.4,1.18,N
22.36216,82.29951,302.56,0.45,0.63,2026-09-26,1932,N20,VIIRS,n,2.0NRT,285.92,0.75,N
22.36422,87.29757,307.46,0.43,0.46,2026-09-26,1932,N20,VIIRS,n,2.0NRT,293.88,1.68,N
22.36843,87.29816,309.97,0.43,0.46,2026-09-26,1932,N20,VIIRS,n,2.0NRT,293.93,1.68,N
22.37944,87.27835,332.6,0.43,0.46,2026-09-26,1932,N20,VIIRS,n,2.0NRT,296.13,6.22,N
22.47991,90.71001,306.78,0.43,0.38,2026-09-26,1932,N20,VIIRS,n,2.0NRT,295.06,0.45,N
22.90327,88.40602,312.47,0.57,0.43,2026-09-26,1932,N20,VIIRS,n,2.0NRT,293.57,2.07,N
23.16853,82.33825,302.26,0.46,0.63,2026-09-26,1932,N20,VIIRS,n,2.0NRT,286.96,0.79,N
23.56219,87.23091,303.97,0.45,0.47,2026-09-26,1932,N20,VIIRS,n,2.0NRT,292.06,1.35,N
23.66502,87.15584,314.97,0.46,0.47,2026-09-26,1932,N20,VIIRS,n,2.0NRT,292.05,3.2,N
23.66749,84.99522,303.37,0.63,0.54,2026-09-26,1932,N20,VIIRS,n,2.0NRT,289.48,2.32,N
23.66835,86.93391,312.25,0.47,0.48,2026-09-26,1932,N20,VIIRS,n,2.0NRT,290.23,2.37,N
23.69249,87.10933,304.32,0.46,0.47,2026-09-26,1932,N20,VIIRS,n,2.0NRT,291.25,2.17,N
23.69251,87.12122,315.52,0.46,0.47,2026-09-26,1932,N20,VIIRS,n,2.0NRT,291.96,2.88,N
23.6935,87.11221,304.15,0.46,0.47,2026-09-26,1932,N20,VIIRS,n,2.0NRT,291.55,1.85,N
23.69524,87.12347,307.41,0.46,0.47,2026-09-26,1932,N20,VIIRS,n,2.0NRT,291.91,3.73,N
23.71299,86.45226,308.15,0.51,0.49,2026-09-26,1932,N20,VIIRS,n,2.0NRT,289.46,1.38,N
23.71354,86.44724,303.09,0.51,0.49,2026-09-26,1932,N20,VIIRS,n,2.0NRT,289.33,1.38,N
23.74918,86.41666,302.57,0.51,0.49,2026-09-26,1932,N20,VIIRS,n,2.0NRT,289.48,2.47,N
23.76053,86.39771,301.75,0.51,0.49,2026-09-26,1932,N20,VIIRS,n,2.0NRT,288.64,2.85,N
23.77986,86.39027,306.67,0.51,0.49,2026-09-26,1932,N20,VIIRS,n,2.0NRT,289.49,3.27,N
23.78085,86.38756,309.11,0.51,0.5,2026-09-26,1932,N20,VIIRS,n,2.0NRT,288.27,3.01,N
23.78441,86.3909,299.7,0.51,0.49,2026-09-26,1932,N20,VIIRS,n,2.0NRT,288.82,2.61,N
23.8252,84.93956,304.07,0.63,0.54,2026-09-26,1932,N20,VIIRS,n,2.0NRT,289.98,0.54,N
23.82671,84.57066,302.88,0.33,0.56,2026-09-26,1932,N20,VIIRS,n,2.0NRT,286.21,0.84,N
23.83955,84.9491,302.77,0.63,0.54,2026-09-26,1932,N20,VIIRS,n,2.0NRT,290.07,1.1,N
23.83962,84.94775,304.43,0.63,0.54,2026-09-26,1932,N20,VIIRS,n,2.0NRT,289.54,1.1,N
23.91612,90.31924,309.61,0.47,0.39,2026-09-26,1932,N20,VIIRS,n,2.0NRT,291.95,0.92,N
24.63518,91.57744,309.3,0.42,0.38,2026-09-26,1932,N20,VIIRS,n,2.0NRT,294.32,1.87,N
24.63782,91.57611,308.55,0.42,0.38,2026-09-26,1932,N20,VIIRS,n,2.0NRT,293.68,1.27,N
24.63999,91.66129,313.13,0.42,0.38,2026-09-26,1932,N20,VIIRS,n,2.0NRT,294.3,2.25,N
25.54327,91.23414,302.71,0.44,0.39,2026-09-26,1932,N20,VIIRS,n,2.0NRT,285.66,0.45,N
12.7444,77.61497,307.83,0.71,0.75,2026-09-26,1934,N20,VIIRS,n,2.0NRT,285.57,1.95,N
12.74497,77.61557,308.45,0.71,0.75,2026-09-26,1934,N20,VIIRS,n,2.0NRT,285.16,2.8,N
12.8808,79.92415,306.75,0.5,0.66,2026-09-26,1934,N20,VIIRS,n,2.0NRT,290.43,0.96,N
12.88254,79.92144,305.58,0.5,0.66,2026-09-26,1934,N20,VIIRS,n,2.0NRT,290.15,0.6,N
13.39225,80.09891,304.35,0.49,0.65,2026-09-26,1934,N20,VIIRS,n,2.0NRT,291.52,0.91,N
13.71303,79.61565,305.6,0.54,0.67,2026-09-26,1934,N20,VIIRS,n,2.0NRT,292.4,1.44,N
17.46264,80.65208,303.25,0.51,0.66,2026-09-26,1934,N20,VIIRS,n,2.0NRT,291.84,0.66,N
17.60446,83.19833,307.66,0.34,0.56,2026-09-26,1934,N20,VIIRS,n,2.0NRT,294.03,1.08,N
17.60928,83.20224,316.53,0.34,0.56,2026-09-26,1934,N20,VIIRS,n,2.0NRT,294.66,1.09,N
17.61041,83.20229,321.15,0.34,0.56,2026-09-26,1934,N20,VIIRS,n,2.0NRT,294.46,1.74,N
17.61447,83.20288,310.91,0.34,0.56,2026-09-26,1934,N20,VIIRS,n,2.0NRT,293.38,1.09,N
19.09718,82.16335,304.88,0.42,0.61,2026-09-26,1934,N20,VIIRS,n,2.0NRT,290.4,1.29,N
19.09974,82.16422,308.15,0.42,0.61,2026-09-26,1934,N20,VIIRS,n,2.0NRT,290.44,1.18,N
9.70399,77.65224,323.12,0.64,0.72,2026-09-26,1936,N20,VIIRS,n,2.0NRT,288.75,4.51,N
31.76864,70.10844,307.79,0.39,0.36,2026-09-26,2110,N20,VIIRS,n,2.0NRT,295.16,1.02,N
32.28923,70.7394,310.34,0.38,0.36,2026-09-26,2110,N20,VIIRS,n,2.0NRT,297.59,1.56,N
32.29795,74.31394,304.43,0.46,0.39,2026-09-26,2110,N20,VIIRS,n,2.0NRT,293.73,0.6,N
32.38093,72.13898,307.01,0.4,0.37,2026-09-26,2110,N20,VIIRS,n,2.0NRT,296.84,1.19,N
32.65482,70.47211,307.4,0.38,0.36,2026-09-26,2110,N20,VIIRS,n,2.0NRT,296.64,1.09,N
32.8875,71.61812,306.33,0.39,0.36,2026-09-26,2110,N20,VIIRS,n,2.0NRT,295.9,0.94,N
32.89079,71.6189,306.29,0.39,0.36,2026-09-26,2110,N20,VIIRS,n,2.0NRT,296.24,0.94,N
33.23504,71.51578,305.92,0.39,0.36,2026-09-26,2110,N20,VIIRS,n,2.0NRT,293.9,0.39,N
33.29819,71.18702,315.62,0.38,0.36,2026-09-26,2110,N20,VIIRS,n,2.0NRT,293.82,1.16,N
33.54688,71.54957,314,0.39,0.36,2026-09-26,2110,N20,VIIRS,n,2.0NRT,297.22,1.36,N
33.68797,72.71123,311.61,0.4,0.37,2026-09-26,2110,N20,VIIRS,n,2.0NRT,294.56,1.49,N
33.85141,72.87239,304.77,0.4,0.37,2026-09-26,2110,N20,VIIRS,n,2.0NRT,294.68,0.74,N
33.9037,71.91376,309.53,0.39,0.36,2026-09-26,2110,N20,VIIRS,n,2.0NRT,294.9,0.99,N
34.16895,72.936,331.85,0.4,0.37,2026-09-26,2110,N20,VIIRS,n,2.0NRT,294.51,2.19,N
34.16969,72.93175,315.71,0.4,0.37,2026-09-26,2110,N20,VIIRS,n,2.0NRT,293.14,2.19,N
34.17448,72.92402,321.65,0.4,0.37,2026-09-26,2110,N20,VIIRS,n,2.0NRT,294.23,2.6,N
34.17786,72.92458,302.47,0.4,0.37,2026-09-26,2110,N20,VIIRS,n,2.0NRT,292.18,0.45,N
34.24987,71.48215,306.19,0.38,0.36,2026-09-26,2110,N20,VIIRS,n,2.0NRT,294.58,0.62,N
34.6264,73.79227,295.93,0.42,0.37,2026-09-26,2110,N20,VIIRS,n,2.0NRT,280.98,0.68,N
34.62698,73.79097,297.15,0.42,0.37,2026-09-26,2110,N20,VIIRS,n,2.0NRT,281.12,0.66,N
34.88563,69.97369,298.98,0.4,0.37,2026-09-26,2110,N20,VIIRS,n,2.0NRT,285.33,0.61,N
35.17166,69.22042,309.13,0.41,0.37,2026-09-26,2110,N20,VIIRS,n,2.0NRT,286.1,1.36,N
35.67929,73.65987,296.85,0.4,0.37,2026-09-26,2110,N20,VIIRS,n,2.0NRT,282.44,1.49,N
35.68265,73.66057,327.35,0.4,0.37,2026-09-26,2110,N20,VIIRS,n,2.0NRT,282.6,1.49,N
35.96948,68.68324,299.82,0.43,0.38,2026-09-26,2110,N20,VIIRS,n,2.0NRT,286.92,0.5,N
23.16602,82.33613,306.92,0.67,0.74,2026-09-26,2112,N20,VIIRS,n,2.0NRT,281.27,2.67,N
23.16797,82.34313,298.81,0.67,0.74,2026-09-26,2112,N20,VIIRS,n,2.0NRT,282.51,2.12,N
23.16959,82.33674,301.42,0.67,0.74,2026-09-26,2112,N20,VIIRS,n,2.0NRT,280.64,2.78,N
24.66132,74.63155,305.29,0.42,0.45,2026-09-26,2112,N20,VIIRS,n,2.0NRT,295.07,1.52,N
24.69028,73.0013,309.07,0.51,0.41,2026-09-26,2112,N20,VIIRS,n,2.0NRT,295.59,1.54,N
24.93401,74.63475,310.31,0.41,0.45,2026-09-26,2112,N20,VIIRS,n,2.0NRT,294.77,0.94,N
25.38976,68.5818,320.54,0.38,0.36,2026-09-26,2112,N20,VIIRS,n,2.0NRT,297.13,1.51,N
26.09475,68.88049,311.02,0.38,0.36,2026-09-26,2112,N20,VIIRS,n,2.0NRT,298.04,0.99,N
26.87734,73.51556,306.41,0.5,0.41,2026-09-26,2112,N20,VIIRS,n,2.0NRT,293.52,1.55,N
27.28993,73.83958,307.08,0.51,0.41,2026-09-26,2112,N20,VIIRS,n,2.0NRT,296.04,1.12,N
27.40867,70.40338,313.28,0.39,0.36,2026-09-26,2112,N20,VIIRS,n,2.0NRT,296.25,1.01,N
28.05272,69.36825,330.81,0.38,0.36,2026-09-26,2112,N20,VIIRS,n,2.0NRT,299.44,2.16,N
28.42542,69.70074,326.01,0.38,0.36,2026-09-26,2112,N20,VIIRS,n,2.0NRT,298.38,2.16,N
29.5144,69.28603,324.22,0.39,0.36,2026-09-26,2112,N20,VIIRS,n,2.0NRT,293.83,2.05,N
15.17479,76.65704,310.07,0.43,0.62,2026-09-26,2114,N20,VIIRS,n,2.0NRT,290.81,1,N
15.17503,76.37742,300.99,0.41,0.61,2026-09-26,2114,N20,VIIRS,n,2.0NRT,289.38,1.09,N
15.1756,76.65312,302.74,0.43,0.62,2026-09-26,2114,N20,VIIRS,n,2.0NRT,290.7,1,N
15.1792,77.10227,305.4,0.46,0.63,2026-09-26,2114,N20,VIIRS,n,2.0NRT,289.73,1.25,N
15.18116,76.65443,305.22,0.43,0.62,2026-09-26,2114,N20,VIIRS,n,2.0NRT,290.51,2.42,N
15.1843,76.66751,307.89,0.43,0.62,2026-09-26,2114,N20,VIIRS,n,2.0NRT,291.12,2.62,N
15.30395,76.22045,301.7,0.4,0.6,2026-09-26,2114,N20,VIIRS,n,2.0NRT,289.87,0.43,N
15.33711,76.28581,303.49,0.4,0.6,2026-09-26,2114,N20,VIIRS,n,2.0NRT,289.52,0.56,N
15.65785,73.98664,305.97,0.56,0.51,2026-09-26,2114,N20,VIIRS,n,2.0NRT,290.28,1.11,N
15.65958,73.98894,308.44,0.56,0.51,2026-09-26,2114,N20,VIIRS,n,2.0NRT,290.46,1.33,N
16.64956,74.3152,301.82,0.56,0.52,2026-09-26,2114,N20,VIIRS,n,2.0NRT,287.85,0.88,N
18.68008,73.03363,308.52,0.43,0.46,2026-09-26,2114,N20,VIIRS,n,2.0NRT,292.7,1.2,N
18.68346,73.03847,309.55,0.43,0.46,2026-09-26,2114,N20,VIIRS,n,2.0NRT,293.27,1.2,N
18.68423,73.03449,305.42,0.43,0.46,2026-09-26,2114,N20,VIIRS,n,2.0NRT,293.67,1.2,N
18.685,73.03051,311.81,0.43,0.46,2026-09-26,2114,N20,VIIRS,n,2.0NRT,293.54,2.73,N
18.6876,73.03934,305.69,0.43,0.46,2026-09-26,2114,N20,VIIRS,n,2.0NRT,293.42,1.73,N
18.69175,73.0402,320.16,0.43,0.46,2026-09-26,2114,N20,VIIRS,n,2.0NRT,293.43,1.73,N
18.71749,79.53626,303.53,0.56,0.69,2026-09-26,2114,N20,VIIRS,n,2.0NRT,292.79,1.34,N
19.10101,73.05141,300.04,0.42,0.45,2026-09-26,2114,N20,VIIRS,n,2.0NRT,283.79,1.18,N
19.34884,71.30248,313.22,0.5,0.41,2026-09-26,2114,N20,VIIRS,n,2.0NRT,295.19,3.01,N
19.52944,71.30022,312.95,0.5,0.41,2026-09-26,2114,N20,VIIRS,n,2.0NRT,295.36,3.74,N
19.57184,71.3621,309.89,0.5,0.41,2026-09-26,2114,N20,VIIRS,n,2.0NRT,294.26,3.3,N
19.80487,78.8643,303.26,0.48,0.65,2026-09-26,2114,N20,VIIRS,n,2.0NRT,292.4,0.61,N
19.9159,79.30682,302.61,0.51,0.66,2026-09-26,2114,N20,VIIRS,n,2.0NRT,292.01,0.8,N
20.30498,72.08846,312.9,0.53,0.42,2026-09-26,2114,N20,VIIRS,n,2.0NRT,296.44,5.09,N
20.3576,72.94836,313.98,0.4,0.44,2026-09-26,2114,N20,VIIRS,n,2.0NRT,292.82,0.83,N
20.7032,78.62022,304.51,0.44,0.63,2026-09-26,2114,N20,VIIRS,n,2.0NRT,291.82,1.39,N
20.8681,70.56425,309.02,0.44,0.39,2026-09-26,2114,N20,VIIRS,n,2.0NRT,296.42,1.62,N
20.91054,71.45999,318.18,0.48,0.4,2026-09-26,2114,N20,VIIRS,n,2.0NRT,297.09,2.23,N
21.10157,72.63496,311.93,0.55,0.43,2026-09-26,2114,N20,VIIRS,n,2.0NRT,295.29,3.4,N
21.10736,72.64713,334.25,0.56,0.43,2026-09-26,2114,N20,VIIRS,n,2.0NRT,297.41,4.1,N
21.10834,72.64188,307.25,0.56,0.43,2026-09-26,2114,N20,VIIRS,n,2.0NRT,295.52,4.1,N
21.1132,72.63744,308.02,0.55,0.43,2026-09-26,2114,N20,VIIRS,n,2.0NRT,295.47,3.72,N
21.24878,79.20621,312.19,0.47,0.64,2026-09-26,2114,N20,VIIRS,n,2.0NRT,290.55,1.25,N
21.33975,78.96712,302.67,0.45,0.63,2026-09-26,2114,N20,VIIRS,n,2.0NRT,289.94,0.84,N
21.43411,72.9743,308.49,0.57,0.43,2026-09-26,2114,N20,VIIRS,n,2.0NRT,294.65,1.38,N
22.26474,75.13477,305.05,0.5,0.49,2026-09-26,2114,N20,VIIRS,n,2.0NRT,293.23,1.58,N
22.33527,69.86819,311.6,0.41,0.37,2026-09-26,2114,N20,VIIRS,n,2.0NRT,298.88,2.3,N
22.3413,69.85323,311.25,0.41,0.37,2026-09-26,2114,N20,VIIRS,n,2.0NRT,297.7,1.98,N
22.37675,72.47677,305.64,0.52,0.42,2026-09-26,2114,N20,VIIRS,n,2.0NRT,295.23,0.47,N
22.41639,69.03926,324.79,0.39,0.36,2026-09-26,2114,N20,VIIRS,n,2.0NRT,296.79,1.73,N
22.4197,69.03989,312.1,0.39,0.36,2026-09-26,2114,N20,VIIRS,n,2.0NRT,295.24,1.73,N
22.42947,69.83372,307.75,0.41,0.37,2026-09-26,2114,N20,VIIRS,n,2.0NRT,296.11,1.08,N
22.93351,69.70054,312.48,0.4,0.37,2026-09-26,2114,N20,VIIRS,n,2.0NRT,296.47,2.41,N
22.93416,69.69668,319.15,0.4,0.37,2026-09-26,2114,N20,VIIRS,n,2.0NRT,296.41,2.41,N
23.16978,70.21759,306.96,0.41,0.37,2026-09-26,2114,N20,VIIRS,n,2.0NRT,296.92,1.38,N
18.14123,96.46638,344.64,0.43,0.38,2026-09-27,644,N20,VIIRS,n,2.0NRT,298.05,7.36,D
18.66573,95.05863,329.49,0.49,0.41,2026-09-27,644,N20,VIIRS,n,2.0NRT,295,4.14,D
20.96138,86.00589,326.64,0.55,0.68,2026-09-27,644,N20,VIIRS,n,2.0NRT,291.04,5.43,D
20.96168,86.00974,328.35,0.54,0.68,2026-09-27,644,N20,VIIRS,n,2.0NRT,292.36,4.7,D
21.5831,96.24741,341.73,0.41,0.37,2026-09-27,644,N20,VIIRS,n,2.0NRT,301.48,4.09,D
21.92343,96.09471,335,0.41,0.37,2026-09-27,644,N20,VIIRS,n,2.0NRT,303.25,2.52,D
21.97935,95.88237,336.79,0.42,0.38,2026-09-27,644,N20,VIIRS,n,2.0NRT,300.34,2.19,D
22.49083,96.96577,342.58,0.39,0.36,2026-09-27,644,N20,VIIRS,n,2.0NRT,304.8,5.95,D
24.20561,96.70611,342.91,0.39,0.36,2026-09-27,644,N20,VIIRS,n,2.0NRT,300.26,5.13,D
22.78236,86.20507,332.11,0.48,0.65,2026-09-27,646,N20,VIIRS,n,2.0NRT,294.35,3.6,D
25.50988,96.19803,332.48,0.39,0.36,2026-09-27,646,N20,VIIRS,n,2.0NRT,296.24,2.72,D
26.30078,96.24644,332.2,0.39,0.36,2026-09-27,646,N20,VIIRS,n,2.0NRT,298.57,2.73,D
27.03802,91.24249,335.85,0.39,0.44,2026-09-27,646,N20,VIIRS,n,2.0NRT,292.98,11.05,D
27.3772,95.33675,330.75,0.4,0.37,2026-09-27,646,N20,VIIRS,n,2.0NRT,295.05,2.78,D
27.87034,96.91908,330.79,0.38,0.36,2026-09-27,646,N20,VIIRS,n,2.0NRT,295.68,3.88,D
27.87242,96.84326,339.27,0.38,0.36,2026-09-27,646,N20,VIIRS,n,2.0NRT,296.23,50.08,D
27.87814,96.92575,344.5,0.38,0.36,2026-09-27,646,N20,VIIRS,n,2.0NRT,302.64,20.81,D
27.94039,96.70742,336.05,0.38,0.36,2026-09-27,646,N20,VIIRS,n,2.0NRT,298.25,10.89,D
27.94578,96.69844,334.11,0.38,0.36,2026-09-27,646,N20,VIIRS,n,2.0NRT,289.71,4.96,D
27.99333,96.96799,327.29,0.38,0.36,2026-09-27,646,N20,VIIRS,n,2.0NRT,297,2.29,D
28.04852,95.5482,337.74,0.39,0.36,2026-09-27,646,N20,VIIRS,n,2.0NRT,294.79,3.34,D
28.06236,95.35795,328.09,0.39,0.36,2026-09-27,646,N20,VIIRS,l,2.0NRT,301.92,5.81,D
28.10741,95.53215,326.84,0.39,0.36,2026-09-27,646,N20,VIIRS,n,2.0NRT,293.74,2,D
28.11168,95.47498,333.48,0.39,0.36,2026-09-27,646,N20,VIIRS,n,2.0NRT,293.48,3.16,D
28.18061,96.49761,332.74,0.38,0.36,2026-09-27,646,N20,VIIRS,n,2.0NRT,292.65,3.36,D
29.24675,91.86298,331.5,0.5,0.41,2026-09-27,646,N20,VIIRS,l,2.0NRT,302.54,2.02,D
29.55062,90.99319,326.88,0.55,0.43,2026-09-27,646,N20,VIIRS,l,2.0NRT,299.73,4.62,D
29.55445,90.99224,334.89,0.55,0.43,2026-09-27,646,N20,VIIRS,n,2.0NRT,296.74,4.62,D
29.61659,91.05582,325.5,0.54,0.42,2026-09-27,646,N20,VIIRS,l,2.0NRT,298.34,3.45,D
29.62152,90.97906,327.57,0.55,0.43,2026-09-27,646,N20,VIIRS,n,2.0NRT,296.26,3.63,D
29.643,91.28889,326.09,0.53,0.42,2026-09-27,646,N20,VIIRS,l,2.0NRT,296.24,7.4,D
29.64673,91.2878,330.08,0.53,0.42,2026-09-27,646,N20,VIIRS,n,2.0NRT,296.76,6.36,D
6.19948,81.07201,333.11,0.55,0.43,2026-09-27,820,N20,VIIRS,n,2.0NRT,296.98,2.02,D
6.19962,81.07446,332.62,0.55,0.43,2026-09-27,820,N20,VIIRS,n,2.0NRT,296.82,3.17,D
6.56291,81.15062,334.52,0.57,0.43,2026-09-27,822,N20,VIIRS,n,2.0NRT,297.96,4.86,D
6.64298,81.25559,334.47,0.38,0.43,2026-09-27,822,N20,VIIRS,n,2.0NRT,297.41,3.79,D
6.69338,81.16512,334.06,0.57,0.43,2026-09-27,822,N20,VIIRS,n,2.0NRT,299.79,3.7,D
6.73542,81.31551,341.51,0.39,0.44,2026-09-27,822,N20,VIIRS,n,2.0NRT,300.06,4.62,D
6.95236,81.4357,330.15,0.4,0.44,2026-09-27,822,N20,VIIRS,n,2.0NRT,298.34,2.64,D
7.07239,81.12318,335.9,0.57,0.43,2026-09-27,822,N20,VIIRS,n,2.0NRT,303.08,4.57,D
7.07515,81.36646,331.17,0.39,0.44,2026-09-27,822,N20,VIIRS,l,2.0NRT,304.22,1.91,D
7.08075,81.37669,333.84,0.4,0.44,2026-09-27,822,N20,VIIRS,n,2.0NRT,303.11,2.43,D
7.08107,81.35044,338.11,0.39,0.44,2026-09-27,822,N20,VIIRS,n,2.0NRT,301.3,3.83,D
7.08565,81.35358,342.02,0.39,0.44,2026-09-27,822,N20,VIIRS,n,2.0NRT,303,3.68,D
7.09219,81.45567,338.45,0.4,0.44,2026-09-27,822,N20,VIIRS,n,2.0NRT,304.52,7.5,D
7.09235,81.37128,330.3,0.4,0.44,2026-09-27,822,N20,VIIRS,l,2.0NRT,303.1,3.84,D
7.14614,81.02602,336.52,0.57,0.43,2026-09-27,822,N20,VIIRS,n,2.0NRT,305.48,6.74,D
7.17906,81.00932,330.76,0.57,0.43,2026-09-27,822,N20,VIIRS,l,2.0NRT,303.09,5.7,D
7.18373,81.01377,338.56,0.57,0.43,2026-09-27,822,N20,VIIRS,n,2.0NRT,302.22,5.7,D
7.18499,81.18064,331.33,0.39,0.44,2026-09-27,822,N20,VIIRS,n,2.0NRT,298.94,1.38,D
7.18703,81.18198,333.2,0.39,0.44,2026-09-27,822,N20,VIIRS,n,2.0NRT,298.47,1.55,D
7.28358,81.11605,350.08,0.38,0.43,2026-09-27,822,N20,VIIRS,n,2.0NRT,298.22,9.03,D
7.2858,81.11523,344.99,0.38,0.43,2026-09-27,822,N20,VIIRS,n,2.0NRT,298.82,5.01,D
7.31987,81.30093,334.92,0.39,0.44,2026-09-27,822,N20,VIIRS,n,2.0NRT,296.74,2.44,D
7.32461,81.15943,341.14,0.39,0.44,2026-09-27,822,N20,VIIRS,n,2.0NRT,296.95,2.44,D
7.32807,80.8728,333.03,0.56,0.43,2026-09-27,822,N20,VIIRS,n,2.0NRT,291.96,4.28,D
7.32894,81.27745,330.18,0.39,0.44,2026-09-27,822,N20,VIIRS,n,2.0NRT,298.33,3.36,D
7.36177,81.27675,330.99,0.39,0.44,2026-09-27,822,N20,VIIRS,n,2.0NRT,299.08,1.98,D
7.3767,81.15233,334.13,0.39,0.44,2026-09-27,822,N20,VIIRS,n,2.0NRT,302.48,4.21,D
7.3882,81.14712,336.83,0.39,0.44,2026-09-27,822,N20,VIIRS,n,2.0NRT,299.55,2.75,D
7.40925,81.16834,332.76,0.39,0.44,2026-09-27,822,N20,VIIRS,n,2.0NRT,300.38,1.94,D
7.42811,81.27404,341.62,0.39,0.44,2026-09-27,822,N20,VIIRS,n,2.0NRT,295.54,3.75,D
7.4286,81.2776,338.26,0.39,0.44,2026-09-27,822,N20,VIIRS,n,2.0NRT,298.46,4.44,D
7.50471,80.87666,334.55,0.56,0.43,2026-09-27,822,N20,VIIRS,n,2.0NRT,295.78,4.23,D
7.54524,80.93472,345.82,0.57,0.43,2026-09-27,822,N20,VIIRS,n,2.0NRT,300.77,23.7,D
7.54598,80.93984,343.81,0.57,0.43,2026-09-27,822,N20,VIIRS,n,2.0NRT,302.48,23.7,D
7.5492,80.93417,342.99,0.57,0.43,2026-09-27,822,N20,VIIRS,n,2.0NRT,301.67,9.85,D
7.54994,80.93931,340.04,0.57,0.43,2026-09-27,822,N20,VIIRS,n,2.0NRT,300.89,9.85,D
7.60719,81.03908,351.74,0.38,0.43,2026-09-27,822,N20,VIIRS,n,2.0NRT,301.96,13.39,D
7.6237,80.9831,332.26,0.57,0.43,2026-09-27,822,N20,VIIRS,n,2.0NRT,300.74,3.69,D
7.62597,81.08599,333.21,0.39,0.44,2026-09-27,822,N20,VIIRS,n,2.0NRT,298.57,2.05,D
7.75367,79.94719,331.68,0.5,0.41,2026-09-27,822,N20,VIIRS,n,2.0NRT,298.29,4.63,D
7.7966,80.34694,334.56,0.53,0.42,2026-09-27,822,N20,VIIRS,n,2.0NRT,297.18,5.97,D
7.82416,79.97572,332.32,0.5,0.41,2026-09-27,822,N20,VIIRS,n,2.0NRT,300.44,2.97,D
7.86924,80.84885,334.22,0.56,0.43,2026-09-27,822,N20,VIIRS,n,2.0NRT,301.13,4.53,D
7.86965,80.6585,343.58,0.55,0.43,2026-09-27,822,N20,VIIRS,n,2.0NRT,301.83,7.71,D
7.87057,80.66096,339.44,0.55,0.43,2026-09-27,822,N20,VIIRS,n,2.0NRT,301.06,6.45,D
7.87192,79.87347,334.72,0.5,0.41,2026-09-27,822,N20,VIIRS,n,2.0NRT,298.52,3.03,D
7.87227,80.98286,341.25,0.38,0.43,2026-09-27,822,N20,VIIRS,n,2.0NRT,298.45,2.56,D
7.8844,80.12601,334.99,0.51,0.41,2026-09-27,822,N20,VIIRS,n,2.0NRT,297.41,7.18,D
7.88574,79.91728,335.89,0.5,0.41,2026-09-27,822,N20,VIIRS,n,2.0NRT,296.78,3.52,D
7.89533,79.8245,331.38,0.49,0.41,2026-09-27,822,N20,VIIRS,n,2.0NRT,299.52,3.99,D
7.90805,80.87246,330.33,0.57,0.43,2026-09-27,822,N20,VIIRS,n,2.0NRT,299.74,4.49,D
7.90859,80.8695,331.11,0.57,0.43,2026-09-27,822,N20,VIIRS,n,2.0NRT,300.25,3.03,D
7.91918,81.22476,333.73,0.4,0.44,2026-09-27,822,N20,VIIRS,n,2.0NRT,297.33,3.28,D
7.9272,81.01017,338.73,0.39,0.44,2026-09-27,822,N20,VIIRS,n,2.0NRT,299.9,3.06,D
7.92781,81.22723,343.94,0.4,0.44,2026-09-27,822,N20,VIIRS,n,2.0NRT,299.25,5.1,D
7.94482,80.96143,335.22,0.38,0.43,2026-09-27,822,N20,VIIRS,n,2.0NRT,299.89,2.99,D
7.95014,81.02837,339.71,0.39,0.44,2026-09-27,822,N20,VIIRS,n,2.0NRT,300.87,3.89,D
7.95609,80.06073,339.49,0.51,0.41,2026-09-27,822,N20,VIIRS,n,2.0NRT,301.28,8.67,D
8.03034,81.00542,331.56,0.39,0.44,2026-09-27,822,N20,VIIRS,n,2.0NRT,297.67,1.3,D
8.03827,80.12092,337.43,0.51,0.41,2026-09-27,822,N20,VIIRS,n,2.0NRT,300.12,4.96,D
8.04469,81.05,333.64,0.39,0.44,2026-09-27,822,N20,VIIRS,n,2.0NRT,297.47,2.93,D
8.05495,80.63705,342.21,0.55,0.43,2026-09-27,822,N20,VIIRS,n,2.0NRT,296.75,8.01,D
8.05781,81.02666,337.54,0.39,0.44,2026-09-27,822,N20,VIIRS,n,2.0NRT,295.54,4.54,D
8.06301,80.13158,335.53,0.52,0.41,2026-09-27,822,N20,VIIRS,n,2.0NRT,298.15,4.71,D
8.07489,81.00277,340.21,0.39,0.44,2026-09-27,822,N20,VIIRS,n,2.0NRT,296.07,4.21,D
8.07833,81.05614,349.26,0.39,0.44,2026-09-27,822,N20,VIIRS,n,2.0NRT,296.55,8.1,D
8.0789,81.00222,344.07,0.39,0.44,2026-09-27,822,N20,VIIRS,n,2.0NRT,295.99,4.21,D
8.08235,81.05558,343.01,0.39,0.44,2026-09-27,822,N20,VIIRS,n,2.0NRT,295.89,5,D
8.08435,81.06973,341.88,0.39,0.44,2026-09-27,822,N20,VIIRS,n,2.0NRT,296.5,2.87,D
8.08785,81.09455,338.76,0.39,0.44,2026-09-27,822,N20,VIIRS,n,2.0NRT,297.28,3.69,D
8.08934,80.70869,332.42,0.56,0.43,2026-09-27,822,N20,VIIRS,n,2.0NRT,293.29,2.3,D
8.08951,80.71056,333.33,0.56,0.43,2026-09-27,822,N20,VIIRS,n,2.0NRT,293.17,4.32,D
8.09893,81.05687,353.59,0.39,0.44,2026-09-27,822,N20,VIIRS,n,2.0NRT,297.15,5,D
8.09993,81.03512,331.43,0.39,0.44,2026-09-27,822,N20,VIIRS,n,2.0NRT,296.74,2.89,D
8.12448,81.00657,340.87,0.39,0.44,2026-09-27,822,N20,VIIRS,n,2.0NRT,295.99,3.4,D
8.13166,80.98633,334.27,0.39,0.44,2026-09-27,822,N20,VIIRS,n,2.0NRT,296.38,3.34,D
8.13396,80.98734,335.59,0.39,0.44,2026-09-27,822,N20,VIIRS,n,2.0NRT,297.11,3.27,D
8.13616,80.10368,333.81,0.52,0.41,2026-09-27,822,N20,VIIRS,n,2.0NRT,296.02,4.9,D
8.13797,80.08911,331.75,0.51,0.41,2026-09-27,822,N20,VIIRS,n,2.0NRT,298.68,4.67,D
8.1466,81.00569,342.66,0.39,0.44,2026-09-27,822,N20,VIIRS,n,2.0NRT,296.59,4.26,D
8.16044,80.13832,346.16,0.52,0.41,2026-09-27,822,N20,VIIRS,n,2.0NRT,301.02,12.11,D
8.17165,81.00937,342.84,0.39,0.44,2026-09-27,822,N20,VIIRS,n,2.0NRT,295.72,3.28,D
8.18671,81.00009,336.23,0.39,0.44,2026-09-27,822,N20,VIIRS,n,2.0NRT,296.8,2.33,D
8.19122,81.00304,331.29,0.39,0.44,2026-09-27,822,N20,VIIRS,n,2.0NRT,297.25,2.56,D
8.20027,77.69137,333.84,0.41,0.37,2026-09-27,822,N20,VIIRS,n,2.0NRT,303.75,2.28,D
8.2036,80.27664,336.44,0.53,0.42,2026-09-27,822,N20,VIIRS,n,2.0NRT,295.41,3.7,D
8.22741,80.17184,330.85,0.52,0.42,2026-09-27,822,N20,VIIRS,n,2.0NRT,295.3,2.5,D
8.2398,80.41894,334.76,0.54,0.42,2026-09-27,822,N20,VIIRS,n,2.0NRT,298.3,3.27,D
8.24055,80.20844,331.99,0.52,0.42,2026-09-27,822,N20,VIIRS,n,2.0NRT,295.66,3.03,D
8.24163,80.27826,331.4,0.53,0.42,2026-09-27,822,N20,VIIRS,n,2.0NRT,299.12,2.38,D
8.24924,80.29446,330.03,0.53,0.42,2026-09-27,822,N20,VIIRS,n,2.0NRT,298.44,2.59,D
8.2513,80.29152,331.75,0.53,0.42,2026-09-27,822,N20,VIIRS,n,2.0NRT,299.45,3.59,D
8.25457,80.41191,333.6,0.54,0.42,2026-09-27,822,N20,VIIRS,n,2.0NRT,299,2.79,D
8.28361,80.50256,335.27,0.54,0.42,2026-09-27,822,N20,VIIRS,n,2.0NRT,296.34,4.2,D
8.28497,80.50488,335.71,0.55,0.42,2026-09-27,822,N20,VIIRS,n,2.0NRT,295.29,8.29,D
8.30384,80.2208,330.48,0.53,0.42,2026-09-27,822,N20,VIIRS,n,2.0NRT,298.79,2.54,D
8.3217,81.28111,330.16,0.41,0.45,2026-09-27,822,N20,VIIRS,n,2.0NRT,298.97,2.93,D
8.3258,81.28055,337.46,0.41,0.45,2026-09-27,822,N20,VIIRS,n,2.0NRT,300.65,2.93,D
8.32604,80.71371,334.51,0.56,0.43,2026-09-27,822,N20,VIIRS,n,2.0NRT,294.35,8.48,D
8.33253,80.39341,333.02,0.54,0.42,2026-09-27,822,N20,VIIRS,n,2.0NRT,295.85,3.37,D
8.36714,77.94632,344.19,0.41,0.37,2026-09-27,822,N20,VIIRS,n,2.0NRT,302.14,4.28,D
8.39533,80.71962,334.12,0.56,0.43,2026-09-27,822,N20,VIIRS,n,2.0NRT,300.71,4.85,D
8.40132,81.0484,343.54,0.39,0.44,2026-09-27,822,N20,VIIRS,n,2.0NRT,305.96,7.53,D
8.48922,80.14059,330.35,0.52,0.42,2026-09-27,822,N20,VIIRS,n,2.0NRT,299.33,5.41,D
8.49057,80.15005,343.74,0.52,0.42,2026-09-27,822,N20,VIIRS,n,2.0NRT,300.72,7.25,D
8.5027,80.15318,346.66,0.52,0.42,2026-09-27,822,N20,VIIRS,n,2.0NRT,299.36,9.19,D
8.52456,80.44575,333.32,0.54,0.42,2026-09-27,822,N20,VIIRS,n,2.0NRT,297.62,6.62,D
8.53172,80.72659,332.32,0.57,0.43,2026-09-27,822,N20,VIIRS,n,2.0NRT,295.61,4.52,D
8.61089,77.75011,341.09,0.41,0.37,2026-09-27,822,N20,VIIRS,n,2.0NRT,310.93,7.77,D
8.61218,80.83781,338.47,0.38,0.43,2026-09-27,822,N20,VIIRS,n,2.0NRT,301.92,7.3,D
8.63274,80.75449,333.71,0.57,0.43,2026-09-27,822,N20,VIIRS,n,2.0NRT,300.55,4.99,D
8.66394,77.87125,343.81,0.41,0.37,2026-09-27,822,N20,VIIRS,n,2.0NRT,308.32,25.41,D
8.68536,80.82243,332.37,0.38,0.44,2026-09-27,822,N20,VIIRS,n,2.0NRT,301.66,5.8,D
8.68936,80.82189,337.45,0.38,0.44,2026-09-27,822,N20,VIIRS,n,2.0NRT,301.33,5.58,D
8.69528,80.60642,330.18,0.56,0.43,2026-09-27,822,N20,VIIRS,n,2.0NRT,295.14,1.82,D
8.75533,80.24254,339.91,0.53,0.42,2026-09-27,822,N20,VIIRS,n,2.0NRT,300.83,18.19,D
8.78117,80.85155,336.46,0.39,0.44,2026-09-27,822,N20,VIIRS,n,2.0NRT,303.12,7.17,D
8.80878,77.62146,351,0.41,0.37,2026-09-27,822,N20,VIIRS,n,2.0NRT,311.45,12.62,D
8.82786,77.6563,339.59,0.41,0.37,2026-09-27,822,N20,VIIRS,n,2.0NRT,308.58,5.47,D
8.9299,80.88037,331.05,0.39,0.44,2026-09-27,822,N20,VIIRS,n,2.0NRT,290.41,2.23,D
8.96133,77.467,338.81,0.4,0.37,2026-09-27,822,N20,VIIRS,n,2.0NRT,306.99,2.83,D
8.99111,80.74958,330.73,0.38,0.43,2026-09-27,822,N20,VIIRS,n,2.0NRT,300.15,3.8,D
9.0081,80.69665,336.11,0.57,0.43,2026-09-27,822,N20,VIIRS,n,2.0NRT,302.43,12.2,D
9.01405,80.08461,335.79,0.53,0.42,2026-09-27,822,N20,VIIRS,n,2.0NRT,302.05,2.91,D
9.01472,80.08939,334.64,0.53,0.42,2026-09-27,822,N20,VIIRS,n,2.0NRT,302.41,2.91,D
9.05715,80.11266,335.88,0.53,0.42,2026-09-27,822,N20,VIIRS,n,2.0NRT,301.38,5.48,D
9.05783,80.11745,335.9,0.53,0.42,2026-09-27,822,N20,VIIRS,n,2.0NRT,301.31,3.92,D
9.12498,77.53586,340.87,0.41,0.37,2026-09-27,822,N20,VIIRS,n,2.0NRT,307.57,8.5,D
9.21012,77.44801,341.65,0.4,0.37,2026-09-27,822,N20,VIIRS,n,2.0NRT,308.91,7.59,D
9.35142,80.2909,347.48,0.55,0.42,2026-09-27,822,N20,VIIRS,n,2.0NRT,303.07,12.6,D
9.35853,80.28487,335.33,0.55,0.42,2026-09-27,822,N20,VIIRS,n,2.0NRT,301.7,7.3,D
9.36242,80.28431,338.64,0.55,0.42,2026-09-27,822,N20,VIIRS,n,2.0NRT,301.99,9.34,D
9.36312,80.28928,338.18,0.55,0.42,2026-09-27,822,N20,VIIRS,n,2.0NRT,301.84,7.07,D
9.38003,77.8867,349.13,0.42,0.38,2026-09-27,822,N20,VIIRS,n,2.0NRT,309.49,8.97,D
9.75635,78.35647,341.52,0.44,0.38,2026-09-27,822,N20,VIIRS,n,2.0NRT,308.12,6.63,D
9.76751,80.17534,331.02,0.54,0.42,2026-09-27,822,N20,VIIRS,n,2.0NRT,298.75,3.76,D
9.89191,78.0665,335.18,0.43,0.38,2026-09-27,822,N20,VIIRS,l,2.0NRT,305.86,1.65,D
9.92631,78.18157,338.09,0.43,0.38,2026-09-27,822,N20,VIIRS,n,2.0NRT,305.81,8.44,D
9.94282,77.8811,340.55,0.42,0.38,2026-09-27,822,N20,VIIRS,n,2.0NRT,310.36,5.47,D
9.94386,77.2506,335.83,0.4,0.37,2026-09-27,822,N20,VIIRS,n,2.0NRT,296.91,3.45,D
10.06643,77.65262,348.76,0.42,0.37,2026-09-27,822,N20,VIIRS,n,2.0NRT,310.23,10.87,D
10.27923,78.82413,339.9,0.47,0.4,2026-09-27,822,N20,VIIRS,n,2.0NRT,307.55,8.43,D
10.42339,77.48682,337.48,0.41,0.37,2026-09-27,822,N20,VIIRS,l,2.0NRT,309.15,6.96,D
10.47881,79.23418,344.95,0.49,0.4,2026-09-27,822,N20,VIIRS,n,2.0NRT,302.28,4.48,D
10.4801,79.2324,345,0.49,0.4,2026-09-27,822,N20,VIIRS,n,2.0NRT,301.9,3.54,D
10.66042,77.4556,340.82,0.41,0.37,2026-09-27,822,N20,VIIRS,n,2.0NRT,309.48,6.77,D
10.92191,77.35416,340.48,0.41,0.37,2026-09-27,822,N20,VIIRS,l,2.0NRT,310.95,7.71,D
11.02565,78.14141,340.32,0.44,0.39,2026-09-27,822,N20,VIIRS,n,2.0NRT,304.1,4.28,D
11.14605,77.8438,340.39,0.43,0.38,2026-09-27,822,N20,VIIRS,n,2.0NRT,305.72,5.31,D
11.14791,77.84306,338.04,0.43,0.38,2026-09-27,822,N20,VIIRS,n,2.0NRT,306.2,4.1,D
11.14849,77.84699,337.52,0.43,0.38,2026-09-27,822,N20,VIIRS,n,2.0NRT,305.65,4.07,D
11.27888,77.81625,331.75,0.43,0.38,2026-09-27,822,N20,VIIRS,l,2.0NRT,301.82,2.67,D
11.37239,78.01762,334.11,0.44,0.38,2026-09-27,822,N20,VIIRS,n,2.0NRT,303.91,8.6,D
11.64865,79.12267,332.37,0.5,0.41,2026-09-27,822,N20,VIIRS,l,2.0NRT,305.67,5.93,D
11.65116,79.12172,330.14,0.5,0.41,2026-09-27,822,N20,VIIRS,l,2.0NRT,305.09,5.12,D
11.74017,78.67493,333.3,0.48,0.4,2026-09-27,822,N20,VIIRS,n,2.0NRT,299.57,4.28,D
11.88054,78.71826,336.07,0.48,0.4,2026-09-27,822,N20,VIIRS,n,2.0NRT,301.93,3.06,D
12.06214,79.02194,336.93,0.5,0.41,2026-09-27,822,N20,VIIRS,n,2.0NRT,302.57,4.38,D
12.10548,77.21794,336.23,0.42,0.37,2026-09-27,822,N20,VIIRS,n,2.0NRT,303.78,4.14,D
12.14164,77.17777,346.83,0.42,0.37,2026-09-27,822,N20,VIIRS,n,2.0NRT,306.15,6.99,D
12.20687,77.41151,331.37,0.42,0.38,2026-09-27,822,N20,VIIRS,l,2.0NRT,304.17,3.36,D
12.23396,78.08109,331.38,0.45,0.39,2026-09-27,822,N20,VIIRS,l,2.0NRT,303.19,4.82,D
12.26475,79.86574,331.29,0.56,0.43,2026-09-27,822,N20,VIIRS,l,2.0NRT,301.33,3.38,D
12.33998,79.92065,339.09,0.57,0.43,2026-09-27,822,N20,VIIRS,n,2.0NRT,299.72,7.86,D
12.43251,76.86746,330.86,0.41,0.37,2026-09-27,822,N20,VIIRS,l,2.0NRT,302.29,2.1,D
12.55367,78.35545,331.17,0.47,0.4,2026-09-27,822,N20,VIIRS,l,2.0NRT,302.16,2.22,D
13.39256,80.10107,330.14,0.4,0.44,2026-09-27,822,N20,VIIRS,l,2.0NRT,301.33,3.02,D
13.61226,77.54227,338.11,0.44,0.38,2026-09-27,824,N20,VIIRS,n,2.0NRT,304.64,4.72,D
13.70918,77.61553,339.53,0.45,0.39,2026-09-27,824,N20,VIIRS,n,2.0NRT,302.29,3.32,D
13.72947,76.88873,336.9,0.42,0.38,2026-09-27,824,N20,VIIRS,l,2.0NRT,311.09,4.83,D
13.81099,77.41521,336.6,0.44,0.38,2026-09-27,824,N20,VIIRS,n,2.0NRT,305.53,3.1,D
13.85753,78.67841,336.06,0.5,0.41,2026-09-27,824,N20,VIIRS,n,2.0NRT,300.09,2.3,D
13.86644,77.47735,331.04,0.44,0.38,2026-09-27,824,N20,VIIRS,l,2.0NRT,303.59,1.76,D
13.89763,77.36954,342.28,0.44,0.38,2026-09-27,824,N20,VIIRS,n,2.0NRT,305.69,5.57,D
14.01699,77.36533,336.41,0.44,0.38,2026-09-27,824,N20,VIIRS,n,2.0NRT,304.54,4.09,D
14.10379,79.68596,335.46,0.39,0.44,2026-09-27,824,N20,VIIRS,n,2.0NRT,302.39,1.81,D
14.10551,79.685,330.5,0.39,0.44,2026-09-27,824,N20,VIIRS,l,2.0NRT,303.19,3.11,D
14.18867,79.13255,331.56,0.54,0.42,2026-09-27,824,N20,VIIRS,l,2.0NRT,303.11,1.69,D
14.38672,77.63612,342.83,0.45,0.39,2026-09-27,824,N20,VIIRS,n,2.0NRT,306.36,18.9,D
14.46894,79.64742,330.79,0.39,0.44,2026-09-27,824,N20,VIIRS,n,2.0NRT,300.54,6.21,D
14.51924,76.49609,341.03,0.41,0.37,2026-09-27,824,N20,VIIRS,n,2.0NRT,309.3,3.66,D
14.62416,75.55452,333.67,0.39,0.36,2026-09-27,824,N20,VIIRS,n,2.0NRT,301.99,4.77,D
14.69708,75.47301,337.84,0.39,0.36,2026-09-27,824,N20,VIIRS,l,2.0NRT,308.57,3.49,D
14.95208,75.54642,341.11,0.39,0.36,2026-09-27,824,N20,VIIRS,l,2.0NRT,315.3,7.5,D
15.11137,76.07067,337.38,0.4,0.37,2026-09-27,824,N20,VIIRS,n,2.0NRT,307.59,2.96,D
15.17385,76.69294,331.73,0.42,0.38,2026-09-27,824,N20,VIIRS,l,2.0NRT,302.85,3.07,D
15.30793,75.01715,336.83,0.39,0.36,2026-09-27,824,N20,VIIRS,l,2.0NRT,310.62,5.39,D
15.33205,75.15632,338.09,0.39,0.36,2026-09-27,824,N20,VIIRS,l,2.0NRT,311.67,5.6,D
15.3379,76.27862,339.89,0.41,0.37,2026-09-27,824,N20,VIIRS,n,2.0NRT,307.71,3.91,D
15.39884,79.59285,339.77,0.4,0.44,2026-09-27,824,N20,VIIRS,n,2.0NRT,302.66,4.96,D
15.42412,75.31882,346.85,0.39,0.36,2026-09-27,824,N20,VIIRS,n,2.0NRT,311.52,8.19,D
15.52572,73.99332,333.14,0.38,0.36,2026-09-27,824,N20,VIIRS,n,2.0NRT,302.57,2.97,D
15.5578,76.13187,334.74,0.41,0.37,2026-09-27,824,N20,VIIRS,n,2.0NRT,304.49,5.43,D
15.7029,79.44255,342.83,0.39,0.44,2026-09-27,824,N20,VIIRS,n,2.0NRT,302.67,3.21,D
15.8245,79.96976,342.42,0.42,0.45,2026-09-27,824,N20,VIIRS,n,2.0NRT,301.33,13.55,D
15.90365,76.3449,336.91,0.42,0.37,2026-09-27,824,N20,VIIRS,n,2.0NRT,304.73,2.17,D
15.98391,80.04118,331.91,0.43,0.46,2026-09-27,824,N20,VIIRS,l,2.0NRT,302.86,3.99,D
15.98476,80.04073,331.31,0.43,0.46,2026-09-27,824,N20,VIIRS,l,2.0NRT,302.62,3.03,D
15.99533,77.80796,346.43,0.48,0.4,2026-09-27,824,N20,VIIRS,n,2.0NRT,304.9,4.8,D
16.08503,79.32872,333.28,0.39,0.44,2026-09-27,824,N20,VIIRS,n,2.0NRT,302.26,1.79,D
16.45071,75.38167,336.87,0.4,0.37,2026-09-27,824,N20,VIIRS,l,2.0NRT,307.49,1.83,D
16.83079,77.67356,339.55,0.48,0.4,2026-09-27,824,N20,VIIRS,n,2.0NRT,303.05,12.51,D
16.89094,75.81751,336.07,0.41,0.37,2026-09-27,824,N20,VIIRS,n,2.0NRT,304.32,2.17,D
16.93526,79.23578,340.07,0.39,0.44,2026-09-27,824,N20,VIIRS,n,2.0NRT,303.49,5.58,D
16.94045,79.37148,337.71,0.4,0.44,2026-09-27,824,N20,VIIRS,n,2.0NRT,304.71,3.61,D
16.99912,74.86642,335.05,0.39,0.36,2026-09-27,824,N20,VIIRS,n,2.0NRT,304.53,1.28,D
17.76327,73.14639,332.82,0.39,0.36,2026-09-27,824,N20,VIIRS,n,2.0NRT,302.59,5.63,D
17.88352,74.90646,331,0.39,0.36,2026-09-27,824,N20,VIIRS,l,2.0NRT,305.26,2.45,D
18.04828,75.01175,332.8,0.4,0.37,2026-09-27,824,N20,VIIRS,n,2.0NRT,306.39,1.57,D
18.19241,74.60732,340.02,0.39,0.36,2026-09-27,824,N20,VIIRS,n,2.0NRT,309.85,5.47,D
18.48659,74.18896,334.36,0.39,0.36,2026-09-27,824,N20,VIIRS,l,2.0NRT,306.04,2.62,D
18.51423,74.39696,335.18,0.39,0.36,2026-09-27,824,N20,VIIRS,l,2.0NRT,308.76,2.74,D
18.68288,74.45898,334.98,0.39,0.36,2026-09-27,824,N20,VIIRS,n,2.0NRT,305.37,1.5,D
18.68787,74.26351,335.31,0.39,0.36,2026-09-27,824,N20,VIIRS,n,2.0NRT,306.53,1.42,D
18.6921,73.04102,342.81,0.39,0.36,2026-09-27,824,N20,VIIRS,n,2.0NRT,306.12,7.68,D
18.91752,74.21046,333.75,0.39,0.36,2026-09-27,824,N20,VIIRS,l,2.0NRT,306.97,2.05,D
19.0974,82.16925,329.43,0.32,0.55,2026-09-27,824,N20,VIIRS,n,2.0NRT,296.35,3.29,D
19.3721,74.62598,331.74,0.39,0.37,2026-09-27,824,N20,VIIRS,n,2.0NRT,305.69,1.61,D
19.29469,73.11477,330.98,0.38,0.36,2026-09-27,826,N20,VIIRS,l,2.0NRT,303.32,1.84,D
20.77246,75.49954,334.06,0.43,0.38,2026-09-27,826,N20,VIIRS,l,2.0NRT,307.12,1.99,D
20.78609,85.26402,328.16,0.54,0.68,2026-09-27,826,N20,VIIRS,n,2.0NRT,294.52,4.64,D
20.87626,74.19411,332,0.39,0.36,2026-09-27,826,N20,VIIRS,l,2.0NRT,306.08,1.61,D
21.10337,72.63438,332.68,0.38,0.36,2026-09-27,826,N20,VIIRS,l,2.0NRT,306.27,4.55,D
21.10394,72.63806,336.32,0.38,0.36,2026-09-27,826,N20,VIIRS,n,2.0NRT,304.75,6.85,D
21.10507,72.64541,345.13,0.38,0.36,2026-09-27,826,N20,VIIRS,n,2.0NRT,308.17,11.89,D
21.11053,72.6369,334.87,0.38,0.36,2026-09-27,826,N20,VIIRS,l,2.0NRT,306.8,3.51,D
21.22413,71.26891,330.06,0.4,0.37,2026-09-27,826,N20,VIIRS,l,2.0NRT,303.34,1.28,D
21.22655,75.58693,338.72,0.43,0.38,2026-09-27,826,N20,VIIRS,n,2.0NRT,304.65,3.58,D
21.22847,75.58567,336.64,0.43,0.38,2026-09-27,826,N20,VIIRS,n,2.0NRT,305.1,3.11,D
21.30872,74.51622,335.18,0.4,0.37,2026-09-27,826,N20,VIIRS,n,2.0NRT,306.47,0.8,D
21.67847,84.04064,327.62,0.46,0.64,2026-09-27,826,N20,VIIRS,n,2.0NRT,294.37,3.5,D
21.7489,83.97469,328.99,0.46,0.63,2026-09-27,826,N20,VIIRS,n,2.0NRT,292.3,3.02,D
21.74951,83.97503,328.66,0.46,0.63,2026-09-27,826,N20,VIIRS,n,2.0NRT,292.09,3.39,D
21.75538,83.84494,330.52,0.45,0.63,2026-09-27,826,N20,VIIRS,n,2.0NRT,293.28,6.19,D
21.9177,83.3524,330.36,0.42,0.61,2026-09-27,826,N20,VIIRS,n,2.0NRT,295.39,4.26,D
22.03843,83.73097,333.08,0.44,0.63,2026-09-27,826,N20,VIIRS,n,2.0NRT,293.98,5.45,D
22.03895,83.73116,328.15,0.45,0.63,2026-09-27,826,N20,VIIRS,n,2.0NRT,294.15,4.44,D
22.37467,73.15179,331.12,0.39,0.36,2026-09-27,826,N20,VIIRS,l,2.0NRT,305.37,2.57,D
22.41552,69.04062,332.47,0.47,0.4,2026-09-27,826,N20,VIIRS,l,2.0NRT,304.82,4.99,D
22.64609,75.47324,335.89,0.44,0.38,2026-09-27,826,N20,VIIRS,n,2.0NRT,307.2,3.76,D
22.66642,75.7078,332.62,0.45,0.39,2026-09-27,826,N20,VIIRS,l,2.0NRT,305.87,2.37,D
22.66957,76.05021,333.11,0.47,0.39,2026-09-27,826,N20,VIIRS,l,2.0NRT,305.19,1.62,D
22.69703,72.85466,331.18,0.38,0.36,2026-09-27,826,N20,VIIRS,l,2.0NRT,303.99,0.95,D
22.70515,75.26643,331.17,0.43,0.38,2026-09-27,826,N20,VIIRS,l,2.0NRT,305.12,1.77,D
22.77109,75.62643,334.28,0.45,0.39,2026-09-27,826,N20,VIIRS,n,2.0NRT,306.58,1.69,D
22.8201,75.66788,332.75,0.45,0.39,2026-09-27,826,N20,VIIRS,l,2.0NRT,306.4,1.71,D
22.89193,75.8917,331.83,0.46,0.39,2026-09-27,826,N20,VIIRS,l,2.0NRT,306.17,2.64,D
22.91081,75.5388,338,0.45,0.39,2026-09-27,826,N20,VIIRS,n,2.0NRT,306.04,1.51,D
22.95397,75.3756,333.88,0.44,0.38,2026-09-27,826,N20,VIIRS,l,2.0NRT,306.73,1.94,D
22.95856,75.75899,337.66,0.46,0.39,2026-09-27,826,N20,VIIRS,n,2.0NRT,305.83,3.24,D
23.01009,75.44552,338.92,0.44,0.39,2026-09-27,826,N20,VIIRS,n,2.0NRT,307.31,2.95,D
23.01133,76.01614,332.12,0.47,0.4,2026-09-27,826,N20,VIIRS,l,2.0NRT,304.18,1.34,D
23.01255,76.01775,333.91,0.47,0.4,2026-09-27,826,N20,VIIRS,n,2.0NRT,304.78,2.39,D
23.01902,75.30022,332.66,0.44,0.38,2026-09-27,826,N20,VIIRS,l,2.0NRT,307.21,2.16,D
23.04988,76.04926,335.59,0.47,0.4,2026-09-27,826,N20,VIIRS,l,2.0NRT,305.97,3.25,D
23.1048,75.48012,341.97,0.44,0.39,2026-09-27,826,N20,VIIRS,n,2.0NRT,305.87,3.46,D
23.11066,75.71574,332.13,0.46,0.39,2026-09-27,826,N20,VIIRS,l,2.0NRT,306.6,2.22,D
23.33937,75.20975,332.18,0.44,0.38,2026-09-27,826,N20,VIIRS,n,2.0NRT,306.7,2.35,D
23.34903,77.04052,332.45,0.53,0.42,2026-09-27,826,N20,VIIRS,l,2.0NRT,306.6,2.21,D
23.68505,86.09028,340.02,0.66,0.73,2026-09-27,826,N20,VIIRS,n,2.0NRT,290.78,5.08,D
25.72082,72.59474,338.41,0.39,0.36,2026-09-27,826,N20,VIIRS,n,2.0NRT,307.56,2.64,D
26.98183,70.87614,339.17,0.39,0.36,2026-09-27,828,N20,VIIRS,l,2.0NRT,311.01,1.68,D
27.49935,70.63928,343.96,0.39,0.36,2026-09-27,828,N20,VIIRS,l,2.0NRT,314.13,6.52,D
27.8918,69.24654,346.65,0.41,0.37,2026-09-27,828,N20,VIIRS,n,2.0NRT,306.33,6.04,D
28.05288,69.36937,337.12,0.4,0.37,2026-09-27,828,N20,VIIRS,n,2.0NRT,307.25,3,D
28.42485,69.70128,334.15,0.4,0.37,2026-09-27,828,N20,VIIRS,l,2.0NRT,307.37,2.53,D
29.23861,75.72599,340.81,0.53,0.42,2026-09-27,828,N20,VIIRS,n,2.0NRT,301,17.13,D
29.7972,72.81454,336.19,0.41,0.37,2026-09-27,828,N20,VIIRS,n,2.0NRT,301.72,2.79,D
30.05346,71.86819,338.28,0.39,0.36,2026-09-27,828,N20,VIIRS,n,2.0NRT,302.44,2.48,D
30.05678,71.86756,334.11,0.39,0.36,2026-09-27,828,N20,VIIRS,n,2.0NRT,300.88,1.99,D
30.30488,73.15482,330.68,0.42,0.38,2026-09-27,828,N20,VIIRS,l,2.0NRT,302.58,3.48,D
30.42241,73.38456,335.12,0.43,0.38,2026-09-27,828,N20,VIIRS,n,2.0NRT,304.33,3.7,D
30.56778,73.69582,331.46,0.44,0.39,2026-09-27,828,N20,VIIRS,n,2.0NRT,300.92,2.18,D
30.62151,73.86823,332.62,0.45,0.39,2026-09-27,828,N20,VIIRS,n,2.0NRT,303.96,13.93,D
30.6221,73.87292,343.83,0.45,0.39,2026-09-27,828,N20,VIIRS,n,2.0NRT,306.02,13.93,D
30.6232,73.8719,349.76,0.45,0.39,2026-09-27,828,N20,VIIRS,n,2.0NRT,309.17,37.26,D
30.62566,73.87231,344.11,0.45,0.39,2026-09-27,828,N20,VIIRS,n,2.0NRT,300.62,13.93,D
30.79223,73.78875,331.67,0.45,0.39,2026-09-27,828,N20,VIIRS,l,2.0NRT,303.55,4.56,D
30.84066,73.91066,334.05,0.46,0.39,2026-09-27,828,N20,VIIRS,n,2.0NRT,301.21,4.16,D
30.84222,73.90738,336.27,0.46,0.39,2026-09-27,828,N20,VIIRS,n,2.0NRT,303.66,6.39,D
30.87968,70.81057,331.09,0.38,0.36,2026-09-27,828,N20,VIIRS,n,2.0NRT,301.95,2.18,D
30.93381,74.3532,332.19,0.48,0.4,2026-09-27,828,N20,VIIRS,l,2.0NRT,302.33,2.51,D
31.10928,74.85512,336.24,0.5,0.41,2026-09-27,828,N20,VIIRS,n,2.0NRT,297.52,5.28,D
31.11304,74.85452,335.23,0.5,0.41,2026-09-27,828,N20,VIIRS,n,2.0NRT,297.59,5.28,D
31.12417,74.6612,343.07,0.49,0.41,2026-09-27,828,N20,VIIRS,n,2.0NRT,298.2,8.95,D
31.38435,75.06879,336.25,0.52,0.41,2026-09-27,828,N20,VIIRS,n,2.0NRT,299.53,5.26,D
31.44468,74.67042,332.18,0.5,0.41,2026-09-27,828,N20,VIIRS,n,2.0NRT,297.86,2.72,D
31.52592,72.2427,332.29,0.41,0.37,2026-09-27,828,N20,VIIRS,n,2.0NRT,300.28,2.8,D
31.55322,75.1392,336.16,0.53,0.42,2026-09-27,828,N20,VIIRS,n,2.0NRT,299.43,3.93,D
31.56483,74.93671,330.51,0.51,0.41,2026-09-27,828,N20,VIIRS,n,2.0NRT,297.76,3.34,D
31.61764,74.6007,332.67,0.5,0.41,2026-09-27,828,N20,VIIRS,n,2.0NRT,300.81,3.32,D
31.68603,74.52383,333.18,0.49,0.41,2026-09-27,828,N20,VIIRS,n,2.0NRT,299.6,3.67,D
31.71177,73.78046,333.44,0.46,0.39,2026-09-27,828,N20,VIIRS,n,2.0NRT,301.19,3.26,D
31.71236,73.78529,333.83,0.46,0.39,2026-09-27,828,N20,VIIRS,n,2.0NRT,301.29,3.26,D
31.73106,72.28572,344.5,0.41,0.37,2026-09-27,828,N20,VIIRS,n,2.0NRT,304.95,11.56,D
31.73248,70.78703,331.71,0.39,0.36,2026-09-27,828,N20,VIIRS,n,2.0NRT,303.24,2.92,D
31.75778,75.5459,347.36,0.55,0.43,2026-09-27,828,N20,VIIRS,n,2.0NRT,299.37,8.47,D
31.7813,74.75021,331.17,0.51,0.41,2026-09-27,828,N20,VIIRS,n,2.0NRT,295.35,1.08,D
31.83601,74.18774,338.82,0.48,0.4,2026-09-27,828,N20,VIIRS,n,2.0NRT,302.79,3.46,D
31.84459,74.19662,338.67,0.48,0.4,2026-09-27,828,N20,VIIRS,n,2.0NRT,301.62,5.93,D
31.85451,74.78438,333.11,0.51,0.41,2026-09-27,828,N20,VIIRS,n,2.0NRT,300.52,4.04,D
31.86595,74.0069,338.9,0.47,0.4,2026-09-27,828,N20,VIIRS,n,2.0NRT,301.79,8.65,D
31.89807,73.63017,333.78,0.45,0.39,2026-09-27,828,N20,VIIRS,n,2.0NRT,302.01,3.05,D
31.90164,73.62956,344.93,0.45,0.39,2026-09-27,828,N20,VIIRS,n,2.0NRT,302.89,10.6,D
31.90223,73.63435,335.03,0.45,0.39,2026-09-27,828,N20,VIIRS,n,2.0NRT,301.58,7.12,D
31.90402,73.56081,330.31,0.45,0.39,2026-09-27,828,N20,VIIRS,n,2.0NRT,300.62,1.19,D
31.91117,73.61814,332.77,0.45,0.39,2026-09-27,828,N20,VIIRS,n,2.0NRT,300.71,10.34,D
32.20257,73.93232,334.98,0.47,0.4,2026-09-27,828,N20,VIIRS,n,2.0NRT,301.7,4.32,D
32.20934,74.01799,331.4,0.47,0.4,2026-09-27,828,N20,VIIRS,n,2.0NRT,300.7,2.14,D
32.32403,73.37881,332.33,0.45,0.39,2026-09-27,828,N20,VIIRS,n,2.0NRT,297.7,4.26,D
32.41319,73.86033,335.54,0.47,0.4,2026-09-27,828,N20,VIIRS,n,2.0NRT,301.23,3.23,D
33.14028,72.58414,336.07,0.43,0.38,2026-09-27,828,N20,VIIRS,n,2.0NRT,307.29,4.43,D
33.29663,71.1847,330.12,0.4,0.37,2026-09-27,828,N20,VIIRS,l,2.0NRT,301.22,2.69,D
34.8846,69.97415,336.33,0.39,0.36,2026-09-27,830,N20,VIIRS,n,2.0NRT,301.9,3.09,D
35.68074,73.66028,340.9,0.5,0.41,2026-09-27,830,N20,VIIRS,n,2.0NRT,307.6,9.47,D
29.26296,91.92368,303.46,0.54,0.51,2026-09-27,1910,N20,VIIRS,n,2.0NRT,282.34,1.83,N
29.37778,91.1525,297.69,0.6,0.53,2026-09-27,1910,N20,VIIRS,n,2.0NRT,280.82,1.44,N
30.07018,96.97906,304.3,0.45,0.39,2026-09-27,1910,N20,VIIRS,n,2.0NRT,285.53,1.58,N
22.35662,96.70284,308.99,0.4,0.37,2026-09-27,1913,N20,VIIRS,n,2.0NRT,292.96,1.29,N
23.10861,94.74865,306.2,0.47,0.4,2026-09-27,1913,N20,VIIRS,n,2.0NRT,294.27,0.73,N
23.48775,87.36453,306.37,0.44,0.63,2026-09-27,1913,N20,VIIRS,n,2.0NRT,292.32,1.14,N
23.4885,87.36329,310.84,0.44,0.63,2026-09-27,1913,N20,VIIRS,n,2.0NRT,292.25,0.98,N
23.55143,87.24068,305.82,0.45,0.63,2026-09-27,1913,N20,VIIRS,n,2.0NRT,292.03,1.17,N
23.55726,87.24133,305.81,0.45,0.63,2026-09-27,1913,N20,VIIRS,n,2.0NRT,292.08,1.56,N
23.56432,87.08682,304.41,0.46,0.64,2026-09-27,1913,N20,VIIRS,n,2.0NRT,292.18,1.19,N
23.56469,87.08231,314.04,0.46,0.64,2026-09-27,1913,N20,VIIRS,n,2.0NRT,292.94,2.42,N
23.61292,87.14278,305.06,0.46,0.63,2026-09-27,1913,N20,VIIRS,n,2.0NRT,292.08,0.93,N
23.6193,86.85821,304.8,0.48,0.65,2026-09-27,1913,N20,VIIRS,n,2.0NRT,291.09,0.84,N
23.64681,85.43356,302.96,0.59,0.7,2026-09-27,1913,N20,VIIRS,n,2.0NRT,290.71,1.66,N
23.64693,85.4354,307.99,0.59,0.7,2026-09-27,1913,N20,VIIRS,n,2.0NRT,290.91,1.73,N
23.65329,85.43438,313.14,0.59,0.7,2026-09-27,1913,N20,VIIRS,n,2.0NRT,290.93,1.66,N
23.65341,85.43623,306.44,0.59,0.7,2026-09-27,1913,N20,VIIRS,n,2.0NRT,291.13,1.73,N
23.66403,87.15459,310.64,0.46,0.63,2026-09-27,1913,N20,VIIRS,n,2.0NRT,292.52,1.68,N
23.67574,86.3984,303.06,0.51,0.66,2026-09-27,1913,N20,VIIRS,n,2.0NRT,290.33,2.3,N
23.67587,86.39415,303.84,0.51,0.66,2026-09-27,1913,N20,VIIRS,n,2.0NRT,290.57,1.6,N
23.68089,86.1014,307.38,0.54,0.68,2026-09-27,1913,N20,VIIRS,n,2.0NRT,290.3,2.18,N
23.68131,86.09608,304.76,0.54,0.68,2026-09-27,1913,N20,VIIRS,n,2.0NRT,290.71,2.18,N
23.68173,86.09077,335.2,0.54,0.68,2026-09-27,1913,N20,VIIRS,n,2.0NRT,290.25,3.71,N
23.682,86.39497,308.75,0.51,0.66,2026-09-27,1913,N20,VIIRS,n,2.0NRT,290.76,1.85,N
23.68215,86.08543,305.68,0.54,0.68,2026-09-27,1913,N20,VIIRS,n,2.0NRT,290.26,3.71,N
23.68229,86.39407,308.01,0.51,0.66,2026-09-27,1913,N20,VIIRS,n,2.0NRT,290.42,2.84,N
23.68257,86.08007,310.12,0.54,0.68,2026-09-27,1913,N20,VIIRS,n,2.0NRT,290.21,2.69,N
23.68854,86.39043,305.19,0.51,0.66,2026-09-27,1913,N20,VIIRS,n,2.0NRT,290.51,2.44,N
23.68885,86.38953,305.4,0.51,0.66,2026-09-27,1913,N20,VIIRS,n,2.0NRT,290.33,1.21,N
23.69058,87.12064,309.62,0.46,0.64,2026-09-27,1913,N20,VIIRS,n,2.0NRT,292.47,1.5,N
23.69097,87.11609,305.5,0.46,0.64,2026-09-27,1913,N20,VIIRS,n,2.0NRT,291.78,1.5,N
23.69173,87.10703,306.86,0.46,0.64,2026-09-27,1913,N20,VIIRS,n,2.0NRT,291.15,1.72,N
23.6925,87.09792,306.96,0.46,0.64,2026-09-27,1913,N20,VIIRS,n,2.0NRT,292.07,2.08,N
23.69646,87.12131,315.53,0.46,0.64,2026-09-27,1913,N20,VIIRS,n,2.0NRT,292.17,1.8,N
23.69685,87.11675,309.4,0.46,0.64,2026-09-27,1913,N20,VIIRS,n,2.0NRT,292.21,1.8,N
23.69723,87.1122,307.51,0.46,0.64,2026-09-27,1913,N20,VIIRS,n,2.0NRT,291.8,2.28,N
23.698,87.1031,306.37,0.46,0.64,2026-09-27,1913,N20,VIIRS,n,2.0NRT,291.65,1.25,N
23.71486,86.45008,305.07,0.51,0.66,2026-09-27,1913,N20,VIIRS,n,2.0NRT,290.43,1.16,N
23.71725,86.41949,311.56,0.51,0.66,2026-09-27,1913,N20,VIIRS,n,2.0NRT,290.87,2.54,N
23.74096,86.4324,311.76,0.51,0.66,2026-09-27,1913,N20,VIIRS,n,2.0NRT,290.76,1.9,N
23.75484,86.41358,311,0.51,0.66,2026-09-27,1913,N20,VIIRS,n,2.0NRT,289.62,1.95,N
23.76222,86.39872,309.17,0.51,0.66,2026-09-27,1913,N20,VIIRS,n,2.0NRT,289.79,3.23,N
23.76794,86.40456,315.05,0.51,0.66,2026-09-27,1913,N20,VIIRS,n,2.0NRT,289.88,3,N
23.76836,86.39938,314.97,0.51,0.66,2026-09-27,1913,N20,VIIRS,n,2.0NRT,289.92,3.79,N
23.77573,86.38487,303.13,0.52,0.66,2026-09-27,1913,N20,VIIRS,n,2.0NRT,289.72,2.23,N
23.77578,86.38229,303.06,0.52,0.67,2026-09-27,1913,N20,VIIRS,n,2.0NRT,289.22,2.59,N
23.77733,86.3615,315.7,0.52,0.67,2026-09-27,1913,N20,VIIRS,n,2.0NRT,289.63,2.54,N
23.77741,86.36414,313.14,0.52,0.67,2026-09-27,1913,N20,VIIRS,n,2.0NRT,289.19,2.02,N
23.77748,86.20735,303.32,0.53,0.67,2026-09-27,1913,N20,VIIRS,n,2.0NRT,290.04,1.33,N
23.78146,86.3907,308.33,0.51,0.66,2026-09-27,1913,N20,VIIRS,n,2.0NRT,289.6,2.22,N
23.78154,86.38819,322.49,0.52,0.66,2026-09-27,1913,N20,VIIRS,n,2.0NRT,289.95,2.59,N
23.78187,86.38562,320.44,0.52,0.66,2026-09-27,1913,N20,VIIRS,n,2.0NRT,289.54,2.22,N
23.79697,86.348,310.89,0.52,0.67,2026-09-27,1913,N20,VIIRS,n,2.0NRT,289.47,1.96,N
23.79714,86.35064,304.75,0.52,0.67,2026-09-27,1913,N20,VIIRS,n,2.0NRT,288.87,1.32,N
23.79757,86.34543,302.09,0.52,0.67,2026-09-27,1913,N20,VIIRS,n,2.0NRT,288.69,1.32,N
23.80468,86.3282,311.27,0.52,0.67,2026-09-27,1913,N20,VIIRS,n,2.0NRT,289.43,2.41,N
23.80542,86.32558,308.45,0.52,0.67,2026-09-27,1913,N20,VIIRS,n,2.0NRT,289.15,2.32,N
24.11595,86.85584,304.45,0.49,0.65,2026-09-27,1913,N20,VIIRS,n,2.0NRT,290.43,1.74,N
27.22413,95.34603,313.1,0.49,0.4,2026-09-27,1913,N20,VIIRS,n,2.0NRT,290.66,2.01,N
27.37718,95.33373,330.15,0.49,0.4,2026-09-27,1913,N20,VIIRS,n,2.0NRT,291.87,7.64,N
29.08796,88.00986,305.99,0.47,0.64,2026-09-27,1913,N20,VIIRS,n,2.0NRT,269.85,1.8,N
17.61249,83.20245,303.38,0.71,0.75,2026-09-27,1915,N20,VIIRS,n,2.0NRT,290.84,1.37,N
20.75999,85.2957,314.55,0.56,0.69,2026-09-27,1915,N20,VIIRS,n,2.0NRT,290.92,2,N
20.76047,85.29001,309.8,0.56,0.69,2026-09-27,1915,N20,VIIRS,n,2.0NRT,290.58,2,N
20.78876,85.25967,312.86,0.57,0.69,2026-09-27,1915,N20,VIIRS,n,2.0NRT,291.13,3.23,N
20.78922,85.25419,303.65,0.57,0.69,2026-09-27,1915,N20,VIIRS,n,2.0NRT,290.87,2.19,N
20.79606,85.24947,314.16,0.57,0.69,2026-09-27,1915,N20,VIIRS,n,2.0NRT,290.84,2.19,N
20.80838,85.25607,304.4,0.57,0.69,2026-09-27,1915,N20,VIIRS,n,2.0NRT,291,2.28,N
20.86419,84.98569,305.45,0.59,0.7,2026-09-27,1915,N20,VIIRS,n,2.0NRT,290.71,3.33,N
20.86426,84.98599,303.53,0.59,0.7,2026-09-27,1915,N20,VIIRS,n,2.0NRT,290.72,1.41,N
20.86471,84.98033,304.6,0.59,0.7,2026-09-27,1915,N20,VIIRS,n,2.0NRT,290.79,1.41,N
20.8692,96.39097,307.69,0.4,0.37,2026-09-27,1915,N20,VIIRS,n,2.0NRT,293.95,1.16,N
20.89117,84.97692,310.08,0.59,0.7,2026-09-27,1915,N20,VIIRS,n,2.0NRT,290.3,1.8,N
20.95558,86.04415,306.37,0.51,0.66,2026-09-27,1915,N20,VIIRS,n,2.0NRT,290.92,1.54,N
20.96071,85.01099,303.54,0.59,0.7,2026-09-27,1915,N20,VIIRS,n,2.0NRT,290.78,1.69,N
20.96436,85.18923,304.84,0.57,0.69,2026-09-27,1915,N20,VIIRS,n,2.0NRT,291.16,1.25,N
20.96484,85.18378,306.05,0.57,0.69,2026-09-27,1915,N20,VIIRS,n,2.0NRT,290.96,1.25,N
20.96526,86.00531,309.61,0.51,0.66,2026-09-27,1915,N20,VIIRS,n,2.0NRT,290.72,2.14,N
20.9657,86.00053,303.25,0.51,0.66,2026-09-27,1915,N20,VIIRS,n,2.0NRT,290.13,0.75,N
20.96583,85.17255,309.42,0.58,0.69,2026-09-27,1915,N20,VIIRS,n,2.0NRT,291.1,2.41,N
20.96585,86.00166,316.07,0.51,0.66,2026-09-27,1915,N20,VIIRS,n,2.0NRT,290.72,3.03,N
20.96595,85.18871,306.17,0.57,0.69,2026-09-27,1915,N20,VIIRS,n,2.0NRT,291.08,1.47,N
20.96632,85.16689,308.09,0.58,0.69,2026-09-27,1915,N20,VIIRS,n,2.0NRT,291.3,2.14,N
20.9664,85.18318,304.65,0.57,0.69,2026-09-27,1915,N20,VIIRS,n,2.0NRT,290.98,3.5,N
20.96683,85.16119,307.33,0.58,0.69,2026-09-27,1915,N20,VIIRS,n,2.0NRT,291.1,2.14,N
20.96732,85.17191,309.73,0.58,0.69,2026-09-27,1915,N20,VIIRS,n,2.0NRT,291.02,1.72,N
20.96779,85.16618,310.76,0.58,0.69,2026-09-27,1915,N20,VIIRS,n,2.0NRT,291.04,1.72,N
20.96825,85.1605,307.21,0.58,0.69,2026-09-27,1915,N20,VIIRS,n,2.0NRT,290.93,2.62,N
20.97226,85.17309,309.41,0.58,0.69,2026-09-27,1915,N20,VIIRS,n,2.0NRT,290.95,2.41,N
20.97375,85.17247,306.47,0.58,0.69,2026-09-27,1915,N20,VIIRS,n,2.0NRT,290.72,1.72,N
21.07604,85.03965,304.67,0.59,0.7,2026-09-27,1915,N20,VIIRS,n,2.0NRT,290.56,2.05,N
21.07623,85.04002,305.76,0.59,0.7,2026-09-27,1915,N20,VIIRS,n,2.0NRT,290.42,1.66,N
21.07654,85.03391,305.69,0.59,0.7,2026-09-27,1915,N20,VIIRS,n,2.0NRT,290.42,1.6,N
21.07669,85.03426,313.52,0.59,0.7,2026-09-27,1915,N20,VIIRS,n,2.0NRT,290.76,1.66,N
21.08302,85.03455,319.9,0.59,0.7,2026-09-27,1915,N20,VIIRS,n,2.0NRT,290.3,3.34,N
21.08318,85.0349,314.2,0.59,0.7,2026-09-27,1915,N20,VIIRS,n,2.0NRT,290.61,2.49,N
21.68179,84.03712,305.06,0.69,0.74,2026-09-27,1915,N20,VIIRS,n,2.0NRT,290.84,2.51,N
21.68245,84.03159,303.37,0.69,0.75,2026-09-27,1915,N20,VIIRS,n,2.0NRT,290.13,2.46,N
21.7598,84.01752,304.81,0.7,0.75,2026-09-27,1915,N20,VIIRS,n,2.0NRT,290.55,3.59,N
21.75992,84.0187,305.11,0.7,0.75,2026-09-27,1915,N20,VIIRS,n,2.0NRT,290.97,2.01,N
21.80129,85.56277,300.84,0.56,0.68,2026-09-27,1915,N20,VIIRS,n,2.0NRT,288.67,0.67,N
21.92371,83.34351,303.09,0.77,0.77,2026-09-27,1915,N20,VIIRS,n,2.0NRT,289.66,2.73,N
22.03368,83.35979,302.5,0.77,0.77,2026-09-27,1915,N20,VIIRS,n,2.0NRT,290.23,1.36,N
22.03914,83.34737,304.58,0.77,0.78,2026-09-27,1915,N20,VIIRS,n,2.0NRT,289.9,1.47,N
22.04185,83.34552,301.83,0.77,0.78,2026-09-27,1915,N20,VIIRS,n,2.0NRT,289.92,1.6,N
22.21455,91.82439,315.02,0.44,0.46,2026-09-27,1915,N20,VIIRS,n,2.0NRT,293.91,1.98,N
22.24553,87.38765,307.54,0.43,0.62,2026-09-27,1915,N20,VIIRS,n,2.0NRT,291.09,1.01,N
22.24791,87.387,304.17,0.43,0.62,2026-09-27,1915,N20,VIIRS,n,2.0NRT,290.61,0.97,N
22.36226,87.01658,307,0.45,0.63,2026-09-27,1915,N20,VIIRS,n,2.0NRT,290.4,1.43,N
22.36278,87.01713,307.71,0.45,0.63,2026-09-27,1915,N20,VIIRS,n,2.0NRT,290.27,1.31,N
22.36718,87.29781,314.64,0.43,0.62,2026-09-27,1915,N20,VIIRS,n,2.0NRT,289.52,2.51,N
22.36809,87.0173,303.82,0.45,0.63,2026-09-27,1915,N20,VIIRS,n,2.0NRT,289.88,0.88,N
22.36847,87.01284,305.23,0.45,0.63,2026-09-27,1915,N20,VIIRS,n,2.0NRT,289.68,0.88,N
22.36861,87.01781,304.9,0.45,0.63,2026-09-27,1915,N20,VIIRS,n,2.0NRT,289.83,1.21,N
22.36902,87.01335,304.3,0.45,0.63,2026-09-27,1915,N20,VIIRS,n,2.0NRT,289.48,1.12,N
22.38054,87.27776,328.05,0.44,0.62,2026-09-27,1915,N20,VIIRS,n,2.0NRT,289.41,4.15,N
22.38092,87.27348,309.97,0.44,0.62,2026-09-27,1915,N20,VIIRS,n,2.0NRT,288.05,2.34,N
22.57318,85.89064,308.7,0.54,0.68,2026-09-27,1915,N20,VIIRS,n,2.0NRT,290.71,2.49,N
22.57723,85.89337,310.14,0.54,0.68,2026-09-27,1915,N20,VIIRS,n,2.0NRT,290.78,1.09,N
22.57764,85.88807,305.18,0.54,0.68,2026-09-27,1915,N20,VIIRS,n,2.0NRT,290.45,1.09,N
22.78815,86.20103,312.88,0.52,0.67,2026-09-27,1915,N20,VIIRS,n,2.0NRT,292.13,1.82,N
22.79472,86.19652,307.25,0.52,0.67,2026-09-27,1915,N20,VIIRS,n,2.0NRT,291.29,1.82,N
22.80342,86.08846,309.05,0.53,0.67,2026-09-27,1915,N20,VIIRS,n,2.0NRT,291.6,1.56,N
22.86109,86.05319,304.5,0.53,0.67,2026-09-27,1915,N20,VIIRS,n,2.0NRT,291.04,0.73,N
22.87312,86.05975,310.76,0.53,0.67,2026-09-27,1915,N20,VIIRS,n,2.0NRT,291.19,1.55,N
22.87469,86.05904,311.49,0.53,0.67,2026-09-27,1915,N20,VIIRS,n,2.0NRT,290.99,1.75,N
35.54959,74.20816,299.2,0.41,0.37,2026-09-27,2049,N20,VIIRS,n,2.0NRT,281.66,0.55,N
35.68099,73.6576,304.37,0.42,0.38,2026-09-27,2049,N20,VIIRS,n,2.0NRT,279.09,1.47,N
23.55959,87.24113,302.93,0.67,0.74,2026-09-27,2051,N20,VIIRS,n,2.0NRT,289.46,2.49,N
23.56371,87.08645,303.39,0.66,0.73,2026-09-27,2051,N20,VIIRS,n,2.0NRT,289.65,1.98,N
23.56531,87.08015,306.17,0.66,0.73,2026-09-27,2051,N20,VIIRS,n,2.0NRT,289.47,1.85,N
23.66365,87.15064,303.86,0.66,0.73,2026-09-27,2051,N20,VIIRS,n,2.0NRT,289.9,1.51,N
23.66647,87.15718,310.49,0.66,0.73,2026-09-27,2051,N20,VIIRS,n,2.0NRT,289.99,2.08,N
23.66809,87.15099,304.15,0.66,0.73,2026-09-27,2051,N20,VIIRS,n,2.0NRT,289.79,1.65,N
23.66859,87.15876,305.57,0.66,0.73,2026-09-27,2051,N20,VIIRS,n,2.0NRT,289.67,1.37,N
23.67027,86.93344,303.5,0.64,0.72,2026-09-27,2051,N20,VIIRS,n,2.0NRT,288.75,1,N
23.68924,87.09671,305.14,0.65,0.73,2026-09-27,2051,N20,VIIRS,n,2.0NRT,289.9,1.55,N
23.69085,87.11745,306.65,0.66,0.73,2026-09-27,2051,N20,VIIRS,n,2.0NRT,289.64,1.85,N
23.69096,87.09821,305.41,0.65,0.73,2026-09-27,2051,N20,VIIRS,n,2.0NRT,289.93,1.5,N
23.69268,87.11902,312.28,0.66,0.73,2026-09-27,2051,N20,VIIRS,n,2.0NRT,289.95,3.96,N
23.69411,87.10489,303.88,0.65,0.73,2026-09-27,2051,N20,VIIRS,n,2.0NRT,289.5,3.56,N
23.69428,87.11269,305.11,0.66,0.73,2026-09-27,2051,N20,VIIRS,n,2.0NRT,289.71,2.17,N
23.69586,87.10645,304.83,0.65,0.73,2026-09-27,2051,N20,VIIRS,n,2.0NRT,289.52,2.17,N
23.69736,87.09241,307.54,0.65,0.73,2026-09-27,2051,N20,VIIRS,n,2.0NRT,289.42,1.71,N
23.69736,87.11935,302.53,0.66,0.73,2026-09-27,2051,N20,VIIRS,n,2.0NRT,289.92,1.85,N
23.69898,87.11311,304.88,0.65,0.73,2026-09-27,2051,N20,VIIRS,n,2.0NRT,289.96,1.85,N
23.69903,87.09392,307.46,0.65,0.73,2026-09-27,2051,N20,VIIRS,n,2.0NRT,289.34,2.25,N
23.72757,86.49547,308.04,0.6,0.7,2026-09-27,2051,N20,VIIRS,n,2.0NRT,288.38,2.05,N
23.7315,86.50144,301.58,0.6,0.71,2026-09-27,2051,N20,VIIRS,n,2.0NRT,288.22,0.94,N
23.73293,86.49566,300,0.6,0.71,2026-09-27,2051,N20,VIIRS,n,2.0NRT,288.69,0.94,N
23.77505,86.19174,304.76,0.57,0.69,2026-09-27,2051,N20,VIIRS,n,2.0NRT,288.74,1.47,N
23.77724,86.20966,301.32,0.57,0.69,2026-09-27,2051,N20,VIIRS,n,2.0NRT,288.52,1.18,N
23.78346,86.21132,303.19,0.57,0.69,2026-09-27,2051,N20,VIIRS,n,2.0NRT,288.57,1.97,N
23.78483,86.2058,310.5,0.57,0.69,2026-09-27,2051,N20,VIIRS,n,2.0NRT,288.62,2.26,N
23.78771,86.33857,304.11,0.58,0.7,2026-09-27,2051,N20,VIIRS,n,2.0NRT,288.65,2.52,N
23.79553,86.35125,307.23,0.59,0.7,2026-09-27,2051,N20,VIIRS,n,2.0NRT,288.8,2.24,N
23.80305,86.3308,301.98,0.58,0.7,2026-09-27,2051,N20,VIIRS,n,2.0NRT,288.9,1.82,N
23.80442,86.32539,306.36,0.58,0.7,2026-09-27,2051,N20,VIIRS,n,2.0NRT,288.87,2.43,N
23.80727,86.33067,307.4,0.58,0.7,2026-09-27,2051,N20,VIIRS,n,2.0NRT,288.76,1.72,N
26.25675,74.09653,308.33,0.38,0.36,2026-09-27,2051,N20,VIIRS,n,2.0NRT,294.15,0.54,N
26.27227,74.19014,306.27,0.39,0.36,2026-09-27,2051,N20,VIIRS,n,2.0NRT,295.89,0.97,N
26.64071,79.47734,310.14,0.39,0.44,2026-09-27,2051,N20,VIIRS,n,2.0NRT,292.06,1.05,N
26.87567,73.5156,311.38,0.39,0.36,2026-09-27,2051,N20,VIIRS,n,2.0NRT,294.57,1.12,N
26.87956,73.51239,304.6,0.39,0.36,2026-09-27,2051,N20,VIIRS,n,2.0NRT,294.29,1.12,N
26.92744,73.46613,306.24,0.39,0.36,2026-09-27,2051,N20,VIIRS,n,2.0NRT,294.38,1.46,N
27.28792,73.83804,308.55,0.38,0.36,2026-09-27,2051,N20,VIIRS,n,2.0NRT,294.39,0.91,N
27.66757,76.13378,305.69,0.41,0.37,2026-09-27,2051,N20,VIIRS,n,2.0NRT,293.19,0.92,N
27.66828,76.1297,315.14,0.41,0.37,2026-09-27,2051,N20,VIIRS,n,2.0NRT,294.06,1.88,N
28.05327,69.36828,320.51,0.54,0.42,2026-09-27,2051,N20,VIIRS,n,2.0NRT,297.51,2,N
28.05439,69.36971,321.39,0.54,0.42,2026-09-27,2051,N20,VIIRS,n,2.0NRT,297.32,1.39,N
28.34525,77.2566,304.36,0.44,0.38,2026-09-27,2051,N20,VIIRS,n,2.0NRT,292.39,0.67,N
28.37232,77.2263,302.01,0.43,0.38,2026-09-27,2051,N20,VIIRS,n,2.0NRT,291.76,0.33,N
28.42704,69.7015,311.04,0.52,0.42,2026-09-27,2051,N20,VIIRS,n,2.0NRT,296.24,1.41,N
28.71307,76.83325,309.65,0.42,0.38,2026-09-27,2051,N20,VIIRS,n,2.0NRT,290.78,1.28,N
28.74514,76.9332,302.55,0.42,0.38,2026-09-27,2051,N20,VIIRS,n,2.0NRT,291.52,0.44,N
28.82635,76.97265,303.72,0.42,0.38,2026-09-27,2051,N20,VIIRS,n,2.0NRT,291.28,0.5,N
28.8303,77.15222,301.94,0.43,0.38,2026-09-27,2051,N20,VIIRS,n,2.0NRT,291.18,0.4,N
28.85124,77.14626,305.86,0.43,0.38,2026-09-27,2051,N20,VIIRS,n,2.0NRT,291.26,0.69,N
29.08448,88.00883,297.1,0.56,0.69,2026-09-27,2051,N20,VIIRS,n,2.0NRT,273.94,1.19,N
29.12377,75.77826,313.09,0.39,0.36,2026-09-27,2051,N20,VIIRS,n,2.0NRT,293.67,1.11,N
30.44831,70.56588,307.31,0.5,0.41,2026-09-27,2051,N20,VIIRS,n,2.0NRT,294.9,2.01,N
31.32807,76.89438,300.7,0.4,0.37,2026-09-27,2051,N20,VIIRS,n,2.0NRT,284.5,1.02,N
31.61108,74.40595,306.59,0.39,0.36,2026-09-27,2051,N20,VIIRS,n,2.0NRT,294.46,0.88,N
31.62185,74.42493,304.66,0.39,0.36,2026-09-27,2051,N20,VIIRS,n,2.0NRT,293.93,0.39,N
31.64668,74.23705,310.08,0.39,0.36,2026-09-27,2051,N20,VIIRS,n,2.0NRT,293.84,0.48,N
32.06017,74.26569,304.45,0.39,0.36,2026-09-27,2051,N20,VIIRS,n,2.0NRT,294.02,0.47,N
32.14557,74.1515,305.72,0.39,0.36,2026-09-27,2051,N20,VIIRS,n,2.0NRT,294.63,0.62,N
19.10079,82.16611,309.3,0.4,0.6,2026-09-27,2053,N20,VIIRS,n,2.0NRT,290.76,1.42,N
19.78845,79.14619,307.43,0.5,0.49,2026-09-27,2053,N20,VIIRS,n,2.0NRT,295.35,1.76,N
20.70352,78.62133,307.09,0.44,0.46,2026-09-27,2053,N20,VIIRS,n,2.0NRT,295.28,1.52,N
20.76129,85.29509,316.13,0.59,0.7,2026-09-27,2053,N20,VIIRS,n,2.0NRT,289.94,2.01,N
20.76255,85.28973,305.41,0.59,0.7,2026-09-27,2053,N20,VIIRS,n,2.0NRT,289.44,2.01,N
20.76299,85.2969,313.85,0.59,0.7,2026-09-27,2053,N20,VIIRS,n,2.0NRT,289.79,2.86,N
20.76428,85.29159,309.03,0.59,0.7,2026-09-27,2053,N20,VIIRS,n,2.0NRT,289.59,3.03,N
20.78468,85.26237,304.56,0.58,0.7,2026-09-27,2053,N20,VIIRS,n,2.0NRT,289.97,1.88,N
20.78772,85.26759,304.24,0.58,0.7,2026-09-27,2053,N20,VIIRS,n,2.0NRT,289.6,1.58,N
20.78901,85.2621,310.14,0.58,0.7,2026-09-27,2053,N20,VIIRS,n,2.0NRT,290.11,1.58,N
20.7936,85.25297,314.42,0.58,0.7,2026-09-27,2053,N20,VIIRS,n,2.0NRT,289.72,3.93,N
20.79785,85.25272,321.94,0.58,0.7,2026-09-27,2053,N20,VIIRS,n,2.0NRT,289.66,4.72,N
20.80606,85.25648,307.16,0.58,0.7,2026-09-27,2053,N20,VIIRS,n,2.0NRT,289.51,2.24,N
20.86398,84.98692,314.54,0.56,0.69,2026-09-27,2053,N20,VIIRS,n,2.0NRT,289.66,2.02,N
20.86844,70.56492,310.41,0.41,0.37,2026-09-27,2053,N20,VIIRS,n,2.0NRT,294.82,1.34,N
20.86885,84.99393,305.77,0.56,0.69,2026-09-27,2053,N20,VIIRS,n,2.0NRT,289.23,1.81,N
20.8702,84.98824,302.86,0.56,0.69,2026-09-27,2053,N20,VIIRS,n,2.0NRT,289.16,1.37,N
20.88486,84.98161,302.98,0.56,0.69,2026-09-27,2053,N20,VIIRS,n,2.0NRT,289.07,1.95,N
20.9119,71.46124,307.41,0.39,0.36,2026-09-27,2053,N20,VIIRS,n,2.0NRT,296.31,0.88,N
20.95568,86.04588,307.36,0.65,0.73,2026-09-27,2053,N20,VIIRS,n,2.0NRT,289.93,1.57,N
20.96265,85.16937,305.17,0.57,0.69,2026-09-27,2053,N20,VIIRS,n,2.0NRT,288.27,2.44,N
20.9639,85.16412,306.36,0.57,0.69,2026-09-27,2053,N20,VIIRS,n,2.0NRT,288.69,2.44,N
20.96452,86.00978,307.15,0.64,0.72,2026-09-27,2053,N20,VIIRS,n,2.0NRT,290.27,6.81,N
20.96502,85.18714,310.5,0.57,0.69,2026-09-27,2053,N20,VIIRS,n,2.0NRT,288.84,3.17,N
20.96601,86.00372,310.49,0.64,0.72,2026-09-27,2053,N20,VIIRS,n,2.0NRT,290.29,8.92,N
20.96631,85.18172,315.05,0.57,0.69,2026-09-27,2053,N20,VIIRS,n,2.0NRT,288.5,3,N
20.96757,85.17641,302.99,0.57,0.69,2026-09-27,2053,N20,VIIRS,n,2.0NRT,288.6,3,N
20.96767,85.14824,302.85,0.57,0.69,2026-09-27,2053,N20,VIIRS,n,2.0NRT,288.22,1.6,N
20.96882,85.17117,324.69,0.57,0.69,2026-09-27,2053,N20,VIIRS,n,2.0NRT,288.98,2.44,N
20.97097,86.01173,354.46,0.64,0.72,2026-09-27,2053,N20,VIIRS,n,2.0NRT,290.42,6.81,N
20.975,85.17292,307.3,0.57,0.69,2026-09-27,2053,N20,VIIRS,n,2.0NRT,288.51,1.58,N
20.97624,85.16768,310.42,0.57,0.69,2026-09-27,2053,N20,VIIRS,n,2.0NRT,288.34,1.58,N
20.98506,85.13047,305.91,0.57,0.69,2026-09-27,2053,N20,VIIRS,n,2.0NRT,288.46,1.48,N
21.10285,72.63644,309.12,0.38,0.36,2026-09-27,2053,N20,VIIRS,n,2.0NRT,292.96,1.25,N
21.10439,72.64803,308.18,0.38,0.36,2026-09-27,2053,N20,VIIRS,n,2.0NRT,294.78,4.32,N
21.10498,72.64437,346.04,0.38,0.36,2026-09-27,2053,N20,VIIRS,n,2.0NRT,298.02,4.32,N
21.10615,72.63703,304.14,0.38,0.36,2026-09-27,2053,N20,VIIRS,n,2.0NRT,293.53,1.25,N
21.10769,72.64863,309.2,0.38,0.36,2026-09-27,2053,N20,VIIRS,n,2.0NRT,296.76,1.66,N
21.10827,72.64497,316.06,0.38,0.36,2026-09-27,2053,N20,VIIRS,n,2.0NRT,296.15,1.66,N
21.18021,81.38568,305.93,0.32,0.55,2026-09-27,2053,N20,VIIRS,n,2.0NRT,292.73,1.01,N
21.18516,81.38689,305.67,0.32,0.55,2026-09-27,2053,N20,VIIRS,n,2.0NRT,293.14,1.01,N
21.18946,81.39117,307.77,0.32,0.55,2026-09-27,2053,N20,VIIRS,n,2.0NRT,293.27,1.13,N
21.24749,79.209,313.22,0.47,0.48,2026-09-27,2053,N20,VIIRS,n,2.0NRT,294.35,1.46,N
21.31318,81.59154,307.73,0.33,0.55,2026-09-27,2053,N20,VIIRS,n,2.0NRT,292.82,0.6,N
21.33557,78.96844,307.71,0.45,0.47,2026-09-27,2053,N20,VIIRS,n,2.0NRT,294.07,1.62,N
21.3668,81.67806,306.1,0.34,0.56,2026-09-27,2053,N20,VIIRS,n,2.0NRT,293.2,0.71,N
21.36853,81.67779,307.07,0.34,0.56,2026-09-27,2053,N20,VIIRS,n,2.0NRT,292.65,1.19,N
21.37501,81.64053,309.85,0.33,0.56,2026-09-27,2053,N20,VIIRS,n,2.0NRT,292.97,1.06,N
21.37648,81.64014,310.89,0.33,0.56,2026-09-27,2053,N20,VIIRS,n,2.0NRT,292.56,1.47,N
21.37682,81.68058,311.2,0.34,0.56,2026-09-27,2053,N20,VIIRS,n,2.0NRT,293.5,1.24,N
21.39002,81.64419,304.66,0.33,0.56,2026-09-27,2053,N20,VIIRS,n,2.0NRT,292.42,1.08,N
21.43304,72.97514,305.02,0.39,0.36,2026-09-27,2053,N20,VIIRS,n,2.0NRT,294.97,0.9,N
21.43574,72.97943,308.64,0.39,0.36,2026-09-27,2053,N20,VIIRS,n,2.0NRT,295.26,1.4,N
21.45695,81.80074,306.16,0.34,0.56,2026-09-27,2053,N20,VIIRS,n,2.0NRT,292.9,0.72,N
21.48824,81.76956,305.48,0.34,0.56,2026-09-27,2053,N20,VIIRS,n,2.0NRT,293.76,0.69,N
21.60717,81.82304,304.84,0.34,0.56,2026-09-27,2053,N20,VIIRS,n,2.0NRT,292.73,0.52,N
21.62411,81.79366,308.69,0.34,0.56,2026-09-27,2053,N20,VIIRS,n,2.0NRT,293.51,0.86,N
21.67161,82.0805,307.8,0.35,0.57,2026-09-27,2053,N20,VIIRS,n,2.0NRT,292.96,0.73,N
21.67693,84.03802,305.8,0.47,0.64,2026-09-27,2053,N20,VIIRS,n,2.0NRT,291.16,2.57,N
21.7302,82.21351,307.57,0.36,0.57,2026-09-27,2053,N20,VIIRS,n,2.0NRT,293.48,0.83,N
21.7463,83.8404,328.14,0.45,0.63,2026-09-27,2053,N20,VIIRS,n,2.0NRT,292.5,2.81,N
21.74673,83.84333,305.71,0.45,0.63,2026-09-27,2053,N20,VIIRS,n,2.0NRT,293.06,3.17,N
21.74774,83.839,328.24,0.45,0.63,2026-09-27,2053,N20,VIIRS,n,2.0NRT,292.18,2.35,N
21.75194,83.84202,316.57,0.45,0.63,2026-09-27,2053,N20,VIIRS,n,2.0NRT,293.11,2.81,N
21.7528,83.97222,323.28,0.46,0.64,2026-09-27,2053,N20,VIIRS,n,2.0NRT,292.51,2.49,N
21.75304,84.02332,304.1,0.46,0.64,2026-09-27,2053,N20,VIIRS,n,2.0NRT,292.03,1.49,N
21.75337,83.84061,311.6,0.45,0.63,2026-09-27,2053,N20,VIIRS,n,2.0NRT,292.61,2.35,N
21.75758,83.84361,321.06,0.45,0.63,2026-09-27,2053,N20,VIIRS,n,2.0NRT,293.55,2.72,N
21.75902,83.84217,325.19,0.45,0.63,2026-09-27,2053,N20,VIIRS,n,2.0NRT,293,2.12,N
21.75977,84.02047,306.51,0.46,0.64,2026-09-27,2053,N20,VIIRS,n,2.0NRT,292.21,1.49,N
21.76226,83.84944,305.52,0.45,0.63,2026-09-27,2053,N20,VIIRS,n,2.0NRT,292.83,2.62,N
21.76324,83.84512,316.13,0.45,0.63,2026-09-27,2053,N20,VIIRS,n,2.0NRT,292.56,2.72,N
21.76367,83.84795,310.71,0.45,0.63,2026-09-27,2053,N20,VIIRS,n,2.0NRT,292.93,3.39,N
21.76467,83.84367,303.52,0.45,0.63,2026-09-27,2053,N20,VIIRS,n,2.0NRT,292.3,2.12,N
21.7665,84.01765,316.32,0.46,0.64,2026-09-27,2053,N20,VIIRS,n,2.0NRT,292.43,3.04,N
21.79509,72.64596,314.73,0.38,0.36,2026-09-27,2053,N20,VIIRS,n,2.0NRT,295.47,0.57,N
21.79842,83.87962,303.26,0.45,0.63,2026-09-27,2053,N20,VIIRS,n,2.0NRT,292.05,1.08,N
21.80061,85.56583,300.96,0.58,0.7,2026-09-27,2053,N20,VIIRS,n,2.0NRT,287.43,0.7,N
21.80073,82.03842,310.43,0.35,0.56,2026-09-27,2053,N20,VIIRS,n,2.0NRT,292.82,1.11,N
21.87494,83.49501,308.69,0.43,0.62,2026-09-27,2053,N20,VIIRS,n,2.0NRT,292.37,1.14,N
21.9196,83.35039,312.85,0.42,0.61,2026-09-27,2053,N20,VIIRS,n,2.0NRT,292.46,1.55,N
21.92049,83.34645,303.93,0.42,0.61,2026-09-27,2053,N20,VIIRS,n,2.0NRT,291.4,2.91,N
21.92509,83.3518,304.83,0.42,0.61,2026-09-27,2053,N20,VIIRS,n,2.0NRT,291.9,1.55,N
21.92864,83.33611,303.13,0.42,0.61,2026-09-27,2053,N20,VIIRS,n,2.0NRT,291.52,2.51,N
21.98682,83.23173,310.78,0.41,0.61,2026-09-27,2053,N20,VIIRS,n,2.0NRT,292.87,1.31,N
22.00264,82.66803,306.32,0.38,0.58,2026-09-27,2053,N20,VIIRS,n,2.0NRT,292.11,1.1,N
22.00791,82.66931,305.36,0.38,0.58,2026-09-27,2053,N20,VIIRS,n,2.0NRT,291.92,1.22,N
22.01517,83.74973,304.67,0.44,0.62,2026-09-27,2053,N20,VIIRS,n,2.0NRT,291.66,1.32,N
22.03177,83.36456,306.2,0.42,0.61,2026-09-27,2053,N20,VIIRS,n,2.0NRT,292.28,0.96,N
22.03267,83.36059,303.48,0.42,0.61,2026-09-27,2053,N20,VIIRS,n,2.0NRT,292.08,0.96,N
22.04015,83.72852,308.08,0.44,0.62,2026-09-27,2053,N20,VIIRS,n,2.0NRT,292.15,2.62,N
22.04086,83.35004,312.16,0.42,0.61,2026-09-27,2053,N20,VIIRS,n,2.0NRT,292.06,1.34,N
22.04111,83.72436,315.79,0.44,0.62,2026-09-27,2053,N20,VIIRS,n,2.0NRT,291.58,2.19,N
22.10902,83.12395,306.56,0.4,0.6,2026-09-27,2053,N20,VIIRS,n,2.0NRT,292.35,1.12,N
22.26608,75.13432,313.8,0.42,0.38,2026-09-27,2053,N20,VIIRS,n,2.0NRT,297.06,1.63,N
22.31683,82.53177,303.26,0.36,0.58,2026-09-27,2053,N20,VIIRS,n,2.0NRT,291.93,1.25,N
22.32109,82.56196,305.28,0.37,0.58,2026-09-27,2053,N20,VIIRS,n,2.0NRT,292.96,1.56,N
22.33608,69.86569,307.98,0.44,0.39,2026-09-27,2053,N20,VIIRS,n,2.0NRT,297.89,3.01,N
22.34142,69.85342,309.46,0.44,0.39,2026-09-27,2053,N20,VIIRS,n,2.0NRT,298.2,1.82,N
22.35677,82.30264,312.09,0.35,0.57,2026-09-27,2053,N20,VIIRS,n,2.0NRT,293.17,1.6,N
22.35751,82.29931,321.5,0.35,0.57,2026-09-27,2053,N20,VIIRS,n,2.0NRT,291.91,1.6,N
22.36263,82.30054,321.13,0.35,0.57,2026-09-27,2053,N20,VIIRS,n,2.0NRT,292.49,1.5,N
22.36497,87.01496,310.12,0.69,0.74,2026-09-27,2053,N20,VIIRS,n,2.0NRT,286.16,2.02,N
22.36669,73.11617,306.17,0.38,0.36,2026-09-27,2053,N20,VIIRS,n,2.0NRT,295.21,1.45,N
22.37809,87.27661,320.68,0.72,0.76,2026-09-27,2053,N20,VIIRS,n,2.0NRT,288.12,4.96,N
22.37848,87.27843,319.35,0.72,0.75,2026-09-27,2053,N20,VIIRS,n,2.0NRT,288.44,4.93,N
22.41623,69.0396,317.91,0.48,0.4,2026-09-27,2053,N20,VIIRS,n,2.0NRT,296.18,2.32,N
22.43107,69.83087,307.19,0.44,0.39,2026-09-27,2053,N20,VIIRS,n,2.0NRT,295.78,1.47,N
22.57512,85.89399,306.52,0.58,0.7,2026-09-27,2053,N20,VIIRS,n,2.0NRT,290.52,2.45,N
22.57703,85.89602,307.14,0.58,0.7,2026-09-27,2053,N20,VIIRS,n,2.0NRT,290.68,1.67,N
22.61309,85.91219,308.11,0.58,0.7,2026-09-27,2053,N20,VIIRS,n,2.0NRT,290.14,1.16,N
22.78609,86.2061,303.29,0.6,0.71,2026-09-27,2053,N20,VIIRS,n,2.0NRT,290.57,1.88,N
22.78748,86.20051,307.91,0.6,0.71,2026-09-27,2053,N20,VIIRS,n,2.0NRT,290.52,1.88,N
22.80141,86.08979,306.86,0.59,0.7,2026-09-27,2053,N20,VIIRS,n,2.0NRT,290.96,2.56,N
22.8592,86.05562,304.37,0.59,0.7,2026-09-27,2053,N20,VIIRS,n,2.0NRT,290.6,0.92,N
22.875,86.06326,306.05,0.59,0.7,2026-09-27,2053,N20,VIIRS,n,2.0NRT,290.85,1.77,N
22.87797,86.06099,310.6,0.59,0.7,2026-09-27,2053,N20,VIIRS,n,2.0NRT,290.59,1.19,N
22.93389,69.69505,315.5,0.46,0.39,2026-09-27,2053,N20,VIIRS,n,2.0NRT,295.06,2.8,N
22.93567,69.6982,311.19,0.46,0.39,2026-09-27,2053,N20,VIIRS,n,2.0NRT,294.57,2.66,N
23.04526,70.13561,328.35,0.44,0.38,2026-09-27,2053,N20,VIIRS,n,2.0NRT,296.99,4.68,N
23.16377,82.33962,306.71,0.34,0.56,2026-09-27,2053,N20,VIIRS,n,2.0NRT,291.32,1.66,N
23.1645,82.33627,312.85,0.34,0.56,2026-09-27,2053,N20,VIIRS,n,2.0NRT,291.96,1.34,N
23.16524,82.33289,301.37,0.34,0.56,2026-09-27,2053,N20,VIIRS,n,2.0NRT,290.55,1.34,N
23.16883,82.34076,320.31,0.34,0.56,2026-09-27,2053,N20,VIIRS,n,2.0NRT,292.42,1.66,N
23.40868,72.41508,304.5,0.39,0.36,2026-09-27,2053,N20,VIIRS,n,2.0NRT,292.58,0.4,N
23.6509,85.43594,305.43,0.52,0.67,2026-09-27,2053,N20,VIIRS,n,2.0NRT,291.45,1.27,N
23.65926,85.50709,304.92,0.52,0.67,2026-09-27,2053,N20,VIIRS,n,2.0NRT,291.46,1.07,N
23.6787,86.08444,306.03,0.57,0.69,2026-09-27,2053,N20,VIIRS,n,2.0NRT,289.7,2.19,N
23.69474,85.36796,311.74,0.51,0.66,2026-09-27,2053,N20,VIIRS,n,2.0NRT,291.3,1.78,N
23.69831,85.3707,307.29,0.51,0.66,2026-09-27,2053,N20,VIIRS,n,2.0NRT,291.08,1.28,N
23.69914,85.28809,301.25,0.51,0.66,2026-09-27,2053,N20,VIIRS,n,2.0NRT,290.8,1.38,N
23.75583,85.85186,303.06,0.55,0.68,2026-09-27,2053,N20,VIIRS,n,2.0NRT,291.09,1.12,N
23.79132,85.5499,306.58,0.52,0.67,2026-09-27,2053,N20,VIIRS,n,2.0NRT,290.51,1.77,N
23.92682,85.3426,301.2,0.5,0.66,2026-09-27,2053,N20,VIIRS,n,2.0NRT,290.37,0.83,N
24.14247,82.70319,304.49,0.34,0.56,2026-09-27,2053,N20,VIIRS,n,2.0NRT,291.64,0.5,N
24.15197,82.63696,305.99,0.34,0.56,2026-09-27,2053,N20,VIIRS,n,2.0NRT,291.68,0.45,N
24.19843,82.71539,314.53,0.34,0.56,2026-09-27,2053,N20,VIIRS,n,2.0NRT,292.3,1.33,N
24.19913,82.71223,301.94,0.34,0.56,2026-09-27,2053,N20,VIIRS,n,2.0NRT,291.88,1.24,N
24.45012,83.03916,303.73,0.35,0.57,2026-09-27,2053,N20,VIIRS,n,2.0NRT,292.17,0.56,N
24.57997,74.80312,306.75,0.4,0.37,2026-09-27,2053,N20,VIIRS,n,2.0NRT,294.11,0.68,N
24.6578,73.87637,305.54,0.39,0.36,2026-09-27,2053,N20,VIIRS,n,2.0NRT,293.99,1.14,N
24.69085,73.00299,316.33,0.38,0.36,2026-09-27,2053,N20,VIIRS,n,2.0NRT,297,1.52,N
24.76301,74.60719,313.89,0.39,0.36,2026-09-27,2053,N20,VIIRS,n,2.0NRT,294.63,1.68,N
24.81953,73.09234,308.36,0.38,0.36,2026-09-27,2053,N20,VIIRS,n,2.0NRT,295.45,1.64,N
24.93259,74.63116,305.01,0.39,0.36,2026-09-27,2053,N20,VIIRS,n,2.0NRT,292.93,1.37,N
25.94409,72.1907,332.04,0.4,0.37,2026-09-27,2053,N20,VIIRS,n,2.0NRT,296.28,3.75,N
26.09615,68.87922,307.07,0.54,0.42,2026-09-27,2053,N20,VIIRS,n,2.0NRT,296.86,1.17,N
11.18584,79.1004,308.09,0.35,0.57,2026-09-27,2055,N20,VIIRS,n,2.0NRT,289.86,1.13,N
11.63719,77.65885,313.27,0.56,0.51,2026-09-27,2055,N20,VIIRS,n,2.0NRT,262.56,0.84,N
11.88562,77.02758,300.1,0.5,0.49,2026-09-27,2055,N20,VIIRS,n,2.0NRT,273.13,0.62,N
11.95619,79.03872,311.83,0.34,0.56,2026-09-27,2055,N20,VIIRS,n,2.0NRT,289.54,0.81,N
13.39513,80.10098,311.44,0.38,0.59,2026-09-27,2055,N20,VIIRS,n,2.0NRT,291.54,1.44,N
13.71106,79.61892,311.79,0.35,0.56,2026-09-27,2055,N20,VIIRS,n,2.0NRT,292.76,1.36,N
15.02425,78.01516,306,0.51,0.49,2026-09-27,2055,N20,VIIRS,n,2.0NRT,294.85,1.4,N
15.07251,76.86463,304.2,0.43,0.46,2026-09-27,2055,N20,VIIRS,n,2.0NRT,291.86,1.14,N
15.16986,76.3783,304.29,0.4,0.44,2026-09-27,2055,N20,VIIRS,n,2.0NRT,291.82,1.24,N
15.17437,76.7862,304.06,0.42,0.46,2026-09-27,2055,N20,VIIRS,n,2.0NRT,292.14,1.32,N
15.17597,76.66267,304.74,0.42,0.45,2026-09-27,2055,N20,VIIRS,n,2.0NRT,292.3,1.74,N
15.17668,76.65883,316.24,0.42,0.45,2026-09-27,2055,N20,VIIRS,n,2.0NRT,293.21,2.74,N
15.17708,77.1011,303.59,0.44,0.46,2026-09-27,2055,N20,VIIRS,n,2.0NRT,292.04,0.8,N
15.17739,76.65501,326.52,0.42,0.45,2026-09-27,2055,N20,VIIRS,n,2.0NRT,295.36,2.74,N
15.17793,76.67496,312.8,0.42,0.45,2026-09-27,2055,N20,VIIRS,n,2.0NRT,293.35,2.85,N
15.18007,76.66348,312,0.42,0.45,2026-09-27,2055,N20,VIIRS,n,2.0NRT,292.89,1.76,N
15.18059,77.10426,304.8,0.44,0.46,2026-09-27,2055,N20,VIIRS,n,2.0NRT,292.24,1.02,N
15.1813,77.10195,305.94,0.44,0.46,2026-09-27,2055,N20,VIIRS,n,2.0NRT,292.27,0.8,N
15.18345,76.66814,323.41,0.42,0.45,2026-09-27,2055,N20,VIIRS,n,2.0NRT,293.65,1.76,N
15.18416,76.66431,305.78,0.42,0.45,2026-09-27,2055,N20,VIIRS,n,2.0NRT,292.11,1.76,N
15.30334,76.21958,305.54,0.39,0.44,2026-09-27,2055,N20,VIIRS,n,2.0NRT,291.39,0.76,N
15.33287,76.28503,310.08,0.39,0.44,2026-09-27,2055,N20,VIIRS,n,2.0NRT,291.65,1.59,N
15.3345,76.28461,313.61,0.39,0.44,2026-09-27,2055,N20,VIIRS,n,2.0NRT,291.89,1.68,N
15.33931,76.24894,307.38,0.39,0.44,2026-09-27,2055,N20,VIIRS,n,2.0NRT,291.56,1.19,N
15.34119,76.24858,308.95,0.39,0.44,2026-09-27,2055,N20,VIIRS,n,2.0NRT,291.41,1.07,N
15.55158,79.57351,304.84,0.64,0.54,2026-09-27,2055,N20,VIIRS,n,2.0NRT,293.38,0.98,N
15.65981,73.98724,312.29,0.44,0.39,2026-09-27,2055,N20,VIIRS,n,2.0NRT,291.91,1.27,N
15.96242,80.93633,304.47,0.38,0.59,2026-09-27,2055,N20,VIIRS,n,2.0NRT,294.16,0.66,N
16.87298,80.02119,312.3,0.32,0.55,2026-09-27,2055,N20,VIIRS,n,2.0NRT,296.44,1.09,N
17.58607,80.31804,305.87,0.33,0.55,2026-09-27,2055,N20,VIIRS,n,2.0NRT,294.75,0.62,N
17.60831,83.20142,308.16,0.5,0.66,2026-09-27,2055,N20,VIIRS,n,2.0NRT,292.85,0.63,N
17.95699,80.79404,311.59,0.34,0.56,2026-09-27,2055,N20,VIIRS,n,2.0NRT,295.35,1.49,N
17.95763,80.79086,310.01,0.34,0.56,2026-09-27,2055,N20,VIIRS,n,2.0NRT,295.22,1.76,N
17.95929,80.79594,307.27,0.34,0.56,2026-09-27,2055,N20,VIIRS,n,2.0NRT,295.36,1.28,N
17.95996,80.79276,315.76,0.34,0.56,2026-09-27,2055,N20,VIIRS,n,2.0NRT,296.04,2.22,N
17.98444,80.82858,310.01,0.34,0.56,2026-09-27,2055,N20,VIIRS,n,2.0NRT,296.92,1.65,N
18.50056,74.48903,303,0.43,0.38,2026-09-27,2055,N20,VIIRS,n,2.0NRT,291.23,0.68,N
18.58666,71.03156,311.33,0.39,0.36,2026-09-27,2055,N20,VIIRS,n,2.0NRT,298.29,0.53,N
18.66398,73.94956,301.86,0.41,0.37,2026-09-27,2055,N20,VIIRS,n,2.0NRT,290.83,0.5,N
18.68238,73.03821,316.2,0.39,0.36,2026-09-27,2055,N20,VIIRS,n,2.0NRT,295.07,2.99,N
18.68299,73.03452,322,0.39,0.36,2026-09-27,2055,N20,VIIRS,n,2.0NRT,295.65,1.99,N
18.68692,73.03143,321,0.39,0.36,2026-09-27,2055,N20,VIIRS,n,2.0NRT,295.11,1.99,N
18.69236,73.04002,308.05,0.39,0.36,2026-09-27,2055,N20,VIIRS,n,2.0NRT,294.62,0.19,N
18.71075,72.34015,313.97,0.39,0.36,2026-09-27,2055,N20,VIIRS,n,2.0NRT,296.71,0.63,N
18.71914,79.53754,309.27,0.55,0.51,2026-09-27,2055,N20,VIIRS,n,2.0NRT,296.08,1.9,N
18.78922,74.24685,301.53,0.42,0.38,2026-09-27,2055,N20,VIIRS,n,2.0NRT,291.48,0.54,N
18.81126,73.88806,306.71,0.41,0.37,2026-09-27,2055,N20,VIIRS,n,2.0NRT,291.31,1.13,N
19.10234,73.05145,304.84,0.39,0.36,2026-09-27,2055,N20,VIIRS,n,2.0NRT,294.2,0.69,N
19.17702,70.94392,315.72,0.39,0.36,2026-09-27,2055,N20,VIIRS,n,2.0NRT,298.17,0.88,N
19.27107,71.48369,312.34,0.39,0.36,2026-09-27,2055,N20,VIIRS,n,2.0NRT,297.25,0.47,N
19.333,72.01975,309.32,0.38,0.36,2026-09-27,2055,N20,VIIRS,n,2.0NRT,297.12,2.61,N
19.36933,71.35319,319.65,0.39,0.36,2026-09-27,2055,N20,VIIRS,n,2.0NRT,297.53,1.04,N
19.53084,71.29794,316.89,0.39,0.36,2026-09-27,2055,N20,VIIRS,n,2.0NRT,298.03,1.09,N
19.93602,73.7118,317.08,0.4,0.37,2026-09-27,2055,N20,VIIRS,n,2.0NRT,292.42,1.24,N
6.69469,81.14175,306.57,0.59,0.7,2026-09-27,2057,N20,VIIRS,n,2.0NRT,287.66,0.93,N
9.97971,76.37384,305.51,0.49,0.48,2026-09-27,2057,N20,VIIRS,n,2.0NRT,292.33,1.9,N
10.58273,77.27813,303.4,0.55,0.51,2026-09-27,2057,N20,VIIRS,n,2.0NRT,289.81,0.67,N
11.06261,77.11227,312.1,0.52,0.5,2026-09-27,2057,N20,VIIRS,n,2.0NRT,290.16,1.66,N
23.64918,96.19312,330.59,0.44,0.46,2026-09-28,625,N20,VIIRS,n,2.0NRT,300.51,8.68,D
24.32546,94.82485,328.49,0.51,0.5,2026-09-28,625,N20,VIIRS,l,2.0NRT,298.59,5.86,D
25.68427,96.65981,336.08,0.57,0.43,2026-09-28,625,N20,VIIRS,n,2.0NRT,297.26,10.11,D
25.85062,96.63979,339.99,0.57,0.43,2026-09-28,625,N20,VIIRS,n,2.0NRT,297.24,10.86,D
28.05857,96.57195,333.64,0.53,0.42,2026-09-28,627,N20,VIIRS,n,2.0NRT,295.3,54.62,D
28.53305,95.07103,329.58,0.41,0.45,2026-09-28,627,N20,VIIRS,n,2.0NRT,289.64,2.82,D
6.86795,81.43697,336.72,0.38,0.36,2026-09-28,803,N20,VIIRS,n,2.0NRT,302.05,2.73,D
6.95445,81.49471,337.13,0.39,0.36,2026-09-28,803,N20,VIIRS,n,2.0NRT,304.65,2.28,D
7.02775,81.50761,330.22,0.39,0.36,2026-09-28,803,N20,VIIRS,l,2.0NRT,302.38,4.28,D
7.0857,80.99614,338.9,0.38,0.36,2026-09-28,803,N20,VIIRS,n,2.0NRT,299.33,3.31,D
7.08689,80.98183,333.44,0.38,0.36,2026-09-28,803,N20,VIIRS,n,2.0NRT,300.48,4.31,D
7.08742,80.98528,347.32,0.38,0.36,2026-09-28,803,N20,VIIRS,n,2.0NRT,300.49,4.31,D
7.20471,81.15321,330.43,0.38,0.36,2026-09-28,803,N20,VIIRS,n,2.0NRT,297.99,2.07,D
7.24854,81.6431,334.21,0.39,0.36,2026-09-28,803,N20,VIIRS,n,2.0NRT,299.62,1.08,D
7.25498,81.19506,334.3,0.38,0.36,2026-09-28,803,N20,VIIRS,n,2.0NRT,301.58,2.8,D
7.28236,81.21523,340.31,0.38,0.36,2026-09-28,803,N20,VIIRS,n,2.0NRT,302.97,10.45,D
7.31079,81.31355,342.21,0.38,0.36,2026-09-28,803,N20,VIIRS,n,2.0NRT,301.08,4.66,D
7.33389,81.46607,349.4,0.39,0.36,2026-09-28,803,N20,VIIRS,n,2.0NRT,305.34,17.69,D
7.34952,81.27932,335.36,0.38,0.36,2026-09-28,803,N20,VIIRS,n,2.0NRT,297.33,3.52,D
7.35019,81.26151,333.39,0.38,0.36,2026-09-28,803,N20,VIIRS,n,2.0NRT,299.18,2.63,D
7.35803,81.1577,347.23,0.38,0.36,2026-09-28,803,N20,VIIRS,n,2.0NRT,301.6,9.21,D
7.361,81.2882,334.74,0.38,0.36,2026-09-28,803,N20,VIIRS,n,2.0NRT,302.15,2.28,D
7.37304,81.83851,332.55,0.39,0.36,2026-09-28,803,N20,VIIRS,n,2.0NRT,302.17,2.02,D
7.37438,81.1509,351.03,0.38,0.36,2026-09-28,803,N20,VIIRS,n,2.0NRT,303.32,4.78,D
7.37636,81.83801,339.36,0.39,0.36,2026-09-28,803,N20,VIIRS,n,2.0NRT,301.22,2.02,D
7.41715,81.32141,335.21,0.38,0.36,2026-09-28,803,N20,VIIRS,n,2.0NRT,302.33,3.5,D
7.42334,81.76635,340.2,0.39,0.36,2026-09-28,803,N20,VIIRS,n,2.0NRT,303.59,2.89,D
7.44192,81.2397,351.62,0.38,0.36,2026-09-28,803,N20,VIIRS,n,2.0NRT,301.13,7.5,D
7.44334,81.0272,334.92,0.38,0.36,2026-09-28,803,N20,VIIRS,l,2.0NRT,307.34,2.34,D
7.45438,81.02861,334.13,0.38,0.36,2026-09-28,803,N20,VIIRS,l,2.0NRT,306.06,4.36,D
7.47288,81.37677,330.7,0.39,0.36,2026-09-28,803,N20,VIIRS,l,2.0NRT,302.14,1.57,D
7.51563,80.98742,336.31,0.38,0.36,2026-09-28,803,N20,VIIRS,n,2.0NRT,305.89,5.17,D
7.55274,80.91735,334.94,0.38,0.36,2026-09-28,803,N20,VIIRS,n,2.0NRT,301.01,4.34,D
7.55327,80.92081,340.21,0.38,0.36,2026-09-28,803,N20,VIIRS,n,2.0NRT,304.96,8.09,D
7.58251,81.06844,335.43,0.38,0.36,2026-09-28,803,N20,VIIRS,n,2.0NRT,302.77,3.78,D
7.66148,80.82894,337.1,0.38,0.36,2026-09-28,803,N20,VIIRS,n,2.0NRT,301.06,2.41,D
7.66482,81.16559,335.29,0.38,0.36,2026-09-28,803,N20,VIIRS,n,2.0NRT,304.01,3.01,D
7.66535,81.16906,342.67,0.38,0.36,2026-09-28,803,N20,VIIRS,n,2.0NRT,304.52,3.01,D
7.68525,81.70353,334.4,0.39,0.36,2026-09-28,803,N20,VIIRS,n,2.0NRT,303.36,2.88,D
7.76521,80.81934,333.3,0.38,0.36,2026-09-28,803,N20,VIIRS,l,2.0NRT,304.22,3.91,D
7.76574,80.8228,332.48,0.38,0.36,2026-09-28,803,N20,VIIRS,l,2.0NRT,302.5,2.45,D
7.76851,80.81883,338.24,0.38,0.36,2026-09-28,803,N20,VIIRS,n,2.0NRT,302.91,4.8,D
7.83624,81.13062,341.96,0.38,0.36,2026-09-28,803,N20,VIIRS,n,2.0NRT,300.52,4.59,D
7.84082,80.8502,335.99,0.38,0.36,2026-09-28,803,N20,VIIRS,n,2.0NRT,301.86,1.75,D
7.84447,80.71474,331.33,0.38,0.36,2026-09-28,803,N20,VIIRS,n,2.0NRT,300.88,6.16,D
7.85359,80.75227,350.05,0.38,0.36,2026-09-28,803,N20,VIIRS,n,2.0NRT,304.54,6.24,D
7.87883,80.56418,333.51,0.38,0.36,2026-09-28,803,N20,VIIRS,n,2.0NRT,300.33,3.98,D
7.88892,80.98399,331.66,0.38,0.36,2026-09-28,803,N20,VIIRS,l,2.0NRT,302.43,3.39,D
7.89538,81.00426,339.35,0.38,0.36,2026-09-28,803,N20,VIIRS,n,2.0NRT,302.51,7.29,D
7.89845,80.86926,334.83,0.38,0.36,2026-09-28,803,N20,VIIRS,n,2.0NRT,298.2,3.17,D
7.90634,79.94885,332.09,0.39,0.36,2026-09-28,803,N20,VIIRS,n,2.0NRT,299.79,2.79,D
7.91295,81.16459,339.32,0.38,0.36,2026-09-28,803,N20,VIIRS,n,2.0NRT,301.5,6.36,D
7.93025,80.87854,336.57,0.38,0.36,2026-09-28,803,N20,VIIRS,n,2.0NRT,301.34,4.4,D
7.93048,81.01305,334.64,0.38,0.36,2026-09-28,803,N20,VIIRS,n,2.0NRT,301.4,6.17,D
7.94622,80.87255,330.59,0.38,0.36,2026-09-28,803,N20,VIIRS,n,2.0NRT,299.84,1.95,D
7.94961,81.02783,332.39,0.38,0.36,2026-09-28,803,N20,VIIRS,l,2.0NRT,304.95,5.27,D
7.95469,81.17241,334.04,0.38,0.36,2026-09-28,803,N20,VIIRS,n,2.0NRT,301.16,2.33,D
7.99504,80.94577,334.22,0.38,0.36,2026-09-28,803,N20,VIIRS,n,2.0NRT,302.58,3.59,D
7.99646,81.09154,347.59,0.38,0.36,2026-09-28,803,N20,VIIRS,n,2.0NRT,301.51,11.98,D
7.99662,80.95615,334.21,0.38,0.36,2026-09-28,803,N20,VIIRS,n,2.0NRT,301.27,4.6,D
7.99834,80.94526,338.99,0.38,0.36,2026-09-28,803,N20,VIIRS,n,2.0NRT,302.54,6.33,D
7.99887,80.94872,330.33,0.38,0.36,2026-09-28,803,N20,VIIRS,l,2.0NRT,302.67,3.42,D
7.99939,80.95219,331.14,0.38,0.36,2026-09-28,803,N20,VIIRS,l,2.0NRT,302.4,3.42,D
8.03042,80.91202,330.54,0.38,0.36,2026-09-28,803,N20,VIIRS,n,2.0NRT,299.58,1.81,D
8.04029,80.99905,338.13,0.38,0.36,2026-09-28,803,N20,VIIRS,n,2.0NRT,302.39,3.17,D
8.04081,81.00251,335.4,0.38,0.36,2026-09-28,803,N20,VIIRS,n,2.0NRT,304.49,3.17,D
8.05005,81.0188,340.71,0.38,0.36,2026-09-28,803,N20,VIIRS,n,2.0NRT,300.39,5.07,D
8.05057,81.02226,337.6,0.38,0.36,2026-09-28,803,N20,VIIRS,n,2.0NRT,299.86,5.07,D
8.05177,81.00791,340.73,0.38,0.36,2026-09-28,803,N20,VIIRS,n,2.0NRT,300.19,3.51,D
8.06339,80.99551,346.41,0.38,0.36,2026-09-28,803,N20,VIIRS,n,2.0NRT,298.11,6.57,D
8.06419,80.95643,336.79,0.38,0.36,2026-09-28,803,N20,VIIRS,n,2.0NRT,300.98,2.53,D
8.07564,81.05388,337.25,0.38,0.36,2026-09-28,803,N20,VIIRS,n,2.0NRT,301.57,4.15,D
8.08504,80.96032,334.4,0.38,0.36,2026-09-28,803,N20,VIIRS,n,2.0NRT,300.8,3.62,D
8.08674,81.038,331.17,0.38,0.36,2026-09-28,803,N20,VIIRS,n,2.0NRT,298.01,2.5,D
8.09072,81.26455,330.87,0.39,0.36,2026-09-28,803,N20,VIIRS,n,2.0NRT,299.24,3.59,D
8.0965,81.05779,338.71,0.38,0.36,2026-09-28,803,N20,VIIRS,n,2.0NRT,300.02,5.2,D
8.09818,80.97557,337.06,0.38,0.36,2026-09-28,803,N20,VIIRS,n,2.0NRT,301.49,4.6,D
8.09875,81.05035,333.63,0.38,0.36,2026-09-28,803,N20,VIIRS,n,2.0NRT,298.35,4.01,D
8.10191,81.07114,335.58,0.38,0.36,2026-09-28,803,N20,VIIRS,n,2.0NRT,297.67,2.67,D
8.10516,80.99931,350.92,0.38,0.36,2026-09-28,803,N20,VIIRS,n,2.0NRT,302.01,9.83,D
8.10569,81.00278,335.74,0.38,0.36,2026-09-28,803,N20,VIIRS,n,2.0NRT,298.99,3.77,D
8.10846,80.99881,340.23,0.38,0.36,2026-09-28,803,N20,VIIRS,n,2.0NRT,299.98,5.86,D
8.11132,81.06218,338.99,0.38,0.36,2026-09-28,803,N20,VIIRS,n,2.0NRT,298.34,7.69,D
8.1162,81.07207,343.73,0.38,0.36,2026-09-28,803,N20,VIIRS,n,2.0NRT,298.95,5.81,D
8.12472,80.95026,337.36,0.38,0.36,2026-09-28,803,N20,VIIRS,n,2.0NRT,300.63,4.79,D
8.14057,80.05817,338.96,0.39,0.36,2026-09-28,803,N20,VIIRS,n,2.0NRT,295.74,7.68,D
8.15023,80.49503,336.21,0.38,0.36,2026-09-28,803,N20,VIIRS,n,2.0NRT,300.42,3.34,D
8.15375,80.96352,334.65,0.38,0.36,2026-09-28,803,N20,VIIRS,n,2.0NRT,301.12,3.07,D
8.15427,80.96698,334.5,0.38,0.36,2026-09-28,803,N20,VIIRS,n,2.0NRT,301.14,2.85,D
8.15638,80.98084,343.53,0.38,0.36,2026-09-28,803,N20,VIIRS,n,2.0NRT,300.26,4.21,D
8.16446,80.74582,337.11,0.38,0.36,2026-09-28,803,N20,VIIRS,n,2.0NRT,305.42,3.92,D
8.16498,80.74928,335.73,0.38,0.36,2026-09-28,803,N20,VIIRS,n,2.0NRT,301.71,3.92,D
8.16667,81.00407,343.16,0.38,0.36,2026-09-28,803,N20,VIIRS,n,2.0NRT,297.18,7.18,D
8.18264,80.99809,334.42,0.38,0.36,2026-09-28,803,N20,VIIRS,n,2.0NRT,302.95,3.08,D
8.19255,80.99657,352.01,0.38,0.36,2026-09-28,803,N20,VIIRS,n,2.0NRT,306.29,21.4,D
8.19532,80.9926,338.28,0.38,0.36,2026-09-28,803,N20,VIIRS,n,2.0NRT,303.41,4.46,D
8.19585,80.99607,337.84,0.38,0.36,2026-09-28,803,N20,VIIRS,n,2.0NRT,301.91,3.4,D
8.20086,80.98466,334.79,0.38,0.36,2026-09-28,803,N20,VIIRS,n,2.0NRT,303.23,3.46,D
8.21979,80.90604,342.75,0.38,0.36,2026-09-28,803,N20,VIIRS,n,2.0NRT,299.03,4.94,D
8.22305,80.99413,340.19,0.38,0.36,2026-09-28,803,N20,VIIRS,n,2.0NRT,302.45,2.86,D
8.22635,80.99363,331.73,0.38,0.36,2026-09-28,803,N20,VIIRS,n,2.0NRT,298.51,2.86,D
8.25319,80.74856,332.92,0.38,0.36,2026-09-28,803,N20,VIIRS,l,2.0NRT,304.73,4.78,D
8.27549,80.7841,331.57,0.38,0.36,2026-09-28,803,N20,VIIRS,l,2.0NRT,305.29,4.37,D
8.30555,80.73299,337.52,0.38,0.36,2026-09-28,803,N20,VIIRS,n,2.0NRT,304.31,5.94,D
8.31019,81.2792,337.59,0.39,0.36,2026-09-28,803,N20,VIIRS,n,2.0NRT,301.86,2.69,D
8.31413,80.76711,347.25,0.38,0.36,2026-09-28,803,N20,VIIRS,n,2.0NRT,300.58,4.9,D
8.3264,80.73687,337,0.38,0.36,2026-09-28,803,N20,VIIRS,n,2.0NRT,303.77,2.98,D
8.32798,80.74726,332.04,0.38,0.36,2026-09-28,803,N20,VIIRS,l,2.0NRT,303.37,2.63,D
8.33075,80.74329,346.56,0.38,0.36,2026-09-28,803,N20,VIIRS,n,2.0NRT,304.64,7.97,D
8.33168,80.77149,343.38,0.38,0.36,2026-09-28,803,N20,VIIRS,n,2.0NRT,300.36,4.73,D
8.33551,80.77444,336.4,0.38,0.36,2026-09-28,803,N20,VIIRS,n,2.0NRT,303.8,9.34,D
8.34259,80.5997,338.23,0.38,0.36,2026-09-28,803,N20,VIIRS,n,2.0NRT,305.12,6.8,D
8.37776,81.27565,341.34,0.39,0.36,2026-09-28,803,N20,VIIRS,n,2.0NRT,302.07,5.1,D
8.40861,80.82979,344.2,0.38,0.36,2026-09-28,803,N20,VIIRS,n,2.0NRT,301.76,8.36,D
8.4208,80.53367,332.14,0.38,0.36,2026-09-28,803,N20,VIIRS,l,2.0NRT,302.6,1.93,D
8.48053,80.83647,330.84,0.38,0.36,2026-09-28,803,N20,VIIRS,l,2.0NRT,304.65,1.35,D
8.51009,80.8532,341.48,0.38,0.36,2026-09-28,803,N20,VIIRS,n,2.0NRT,302.46,4.15,D
8.54973,80.57723,338.54,0.38,0.36,2026-09-28,803,N20,VIIRS,n,2.0NRT,305.39,5.03,D
8.55356,80.58018,334.06,0.38,0.36,2026-09-28,803,N20,VIIRS,l,2.0NRT,304.38,6.56,D
8.55739,80.58315,338.62,0.38,0.36,2026-09-28,803,N20,VIIRS,n,2.0NRT,305.66,4.79,D
8.56015,80.57917,332.57,0.38,0.36,2026-09-28,803,N20,VIIRS,l,2.0NRT,304.71,2.97,D
8.56805,80.40686,331.4,0.38,0.36,2026-09-28,803,N20,VIIRS,n,2.0NRT,297.24,2.1,D
8.5759,80.70439,347.83,0.38,0.36,2026-09-28,803,N20,VIIRS,n,2.0NRT,302.64,7.71,D
8.58945,80.4142,330.26,0.38,0.36,2026-09-28,803,N20,VIIRS,l,2.0NRT,300.69,2.87,D
8.6131,80.61285,346.49,0.38,0.36,2026-09-28,803,N20,VIIRS,n,2.0NRT,306.24,11.05,D
8.61444,80.66583,343.91,0.38,0.36,2026-09-28,803,N20,VIIRS,n,2.0NRT,301.9,5.17,D
8.61464,80.53456,330.5,0.38,0.36,2026-09-28,803,N20,VIIRS,l,2.0NRT,302.28,2.72,D
8.63464,80.77618,333.54,0.38,0.36,2026-09-28,803,N20,VIIRS,n,2.0NRT,303.2,2.86,D
8.63842,80.40307,335.25,0.38,0.36,2026-09-28,803,N20,VIIRS,n,2.0NRT,301.16,1.3,D
8.65032,80.63548,333.22,0.38,0.36,2026-09-28,803,N20,VIIRS,l,2.0NRT,306.47,4.98,D
8.65165,80.68846,348.18,0.38,0.36,2026-09-28,803,N20,VIIRS,n,2.0NRT,303.44,6.52,D
8.66129,80.72953,338.86,0.38,0.36,2026-09-28,803,N20,VIIRS,n,2.0NRT,301.28,3.25,D
8.66459,80.72903,332.12,0.38,0.36,2026-09-28,803,N20,VIIRS,l,2.0NRT,303.59,4.54,D
8.67915,80.48812,339.91,0.38,0.36,2026-09-28,803,N20,VIIRS,n,2.0NRT,305.04,11.17,D
8.69626,80.75962,335.23,0.38,0.36,2026-09-28,803,N20,VIIRS,l,2.0NRT,305.45,9.03,D
8.69679,80.76308,333.94,0.38,0.36,2026-09-28,803,N20,VIIRS,l,2.0NRT,305.19,9.03,D
8.70001,80.492,330.71,0.38,0.36,2026-09-28,803,N20,VIIRS,l,2.0NRT,303.3,4.1,D
8.70725,80.47313,335.17,0.38,0.36,2026-09-28,803,N20,VIIRS,l,2.0NRT,306.35,3.25,D
8.71055,80.47262,340.77,0.38,0.36,2026-09-28,803,N20,VIIRS,n,2.0NRT,305.38,3.25,D
8.72163,80.74411,336.03,0.38,0.36,2026-09-28,803,N20,VIIRS,l,2.0NRT,307.29,6.06,D
8.72215,80.74757,339.34,0.38,0.36,2026-09-28,803,N20,VIIRS,n,2.0NRT,306.91,3.82,D
8.72545,80.74707,336.42,0.38,0.36,2026-09-28,803,N20,VIIRS,n,2.0NRT,303.29,3.82,D
8.73989,80.53197,333.84,0.38,0.36,2026-09-28,803,N20,VIIRS,n,2.0NRT,303.51,2.92,D
8.76888,80.45649,338.04,0.38,0.36,2026-09-28,803,N20,VIIRS,l,2.0NRT,308.46,3.33,D
8.77256,80.0814,336.06,0.39,0.36,2026-09-28,803,N20,VIIRS,n,2.0NRT,302.77,3.45,D
8.92779,80.18533,331.45,0.39,0.36,2026-09-28,803,N20,VIIRS,n,2.0NRT,298.59,2.79,D
8.92832,80.18881,336.28,0.39,0.36,2026-09-28,803,N20,VIIRS,n,2.0NRT,300.53,4.25,D
8.95575,80.52233,330.71,0.38,0.36,2026-09-28,803,N20,VIIRS,n,2.0NRT,298.98,2.27,D
8.9632,80.65961,336.27,0.38,0.36,2026-09-28,803,N20,VIIRS,n,2.0NRT,305.67,3.77,D
8.97554,80.51928,338.48,0.38,0.36,2026-09-28,803,N20,VIIRS,n,2.0NRT,302.17,4.76,D
9.04714,80.65305,336.42,0.38,0.36,2026-09-28,803,N20,VIIRS,n,2.0NRT,302.42,3.31,D
9.08643,80.30914,332.51,0.38,0.36,2026-09-28,803,N20,VIIRS,n,2.0NRT,300.23,3.41,D
9.07895,80.12869,330.72,0.39,0.36,2026-09-28,805,N20,VIIRS,l,2.0NRT,304.32,2.41,D
9.08226,80.12817,341.91,0.39,0.36,2026-09-28,805,N20,VIIRS,n,2.0NRT,302.24,2.49,D
9.20507,80.71,346.09,0.38,0.36,2026-09-28,805,N20,VIIRS,n,2.0NRT,302.98,8.77,D
9.24136,78.03667,334.97,0.43,0.38,2026-09-28,805,N20,VIIRS,l,2.0NRT,302.03,9.74,D
9.33676,78.83939,336.27,0.41,0.37,2026-09-28,805,N20,VIIRS,l,2.0NRT,303.22,20.83,D
9.34065,80.3071,342.98,0.38,0.36,2026-09-28,805,N20,VIIRS,n,2.0NRT,301.84,4.42,D
9.35637,80.45397,338.57,0.38,0.36,2026-09-28,805,N20,VIIRS,n,2.0NRT,302.22,3.11,D
9.37013,80.3452,338.11,0.38,0.36,2026-09-28,805,N20,VIIRS,n,2.0NRT,304.06,1.32,D
9.37024,80.32385,333.28,0.38,0.36,2026-09-28,805,N20,VIIRS,l,2.0NRT,303.43,1.45,D
9.49407,77.80213,334.82,0.44,0.38,2026-09-28,805,N20,VIIRS,l,2.0NRT,305.8,5.44,D
9.56488,77.65621,338.9,0.45,0.39,2026-09-28,805,N20,VIIRS,n,2.0NRT,302.75,5.19,D
9.61635,80.00168,336.09,0.39,0.36,2026-09-28,805,N20,VIIRS,n,2.0NRT,302.26,4.94,D
9.64034,79.91568,331.65,0.39,0.36,2026-09-28,805,N20,VIIRS,l,2.0NRT,303.08,1.88,D
9.72041,80.10281,333.48,0.38,0.36,2026-09-28,805,N20,VIIRS,n,2.0NRT,301.99,1.94,D
9.72371,80.1023,335.2,0.38,0.36,2026-09-28,805,N20,VIIRS,n,2.0NRT,301.71,1.99,D
10.4147,79.21159,333.71,0.39,0.36,2026-09-28,805,N20,VIIRS,n,2.0NRT,298.56,1.89,D
10.47979,79.2375,331.8,0.39,0.36,2026-09-28,805,N20,VIIRS,n,2.0NRT,300.85,2.46,D
10.50251,79.27393,330.5,0.39,0.36,2026-09-28,805,N20,VIIRS,l,2.0NRT,300.87,1.48,D
10.86033,79.19312,334.27,0.39,0.36,2026-09-28,805,N20,VIIRS,n,2.0NRT,303.45,2.47,D
10.9044,79.28043,330.41,0.39,0.36,2026-09-28,805,N20,VIIRS,l,2.0NRT,302.76,1.45,D
10.90713,78.4324,333.49,0.41,0.37,2026-09-28,805,N20,VIIRS,n,2.0NRT,299.06,1.63,D
11.13649,78.48523,338.91,0.4,0.37,2026-09-28,805,N20,VIIRS,l,2.0NRT,305.06,9.27,D
11.46907,79.39402,334.02,0.39,0.36,2026-09-28,805,N20,VIIRS,n,2.0NRT,299.94,1.43,D
11.66447,77.00927,333.59,0.45,0.39,2026-09-28,805,N20,VIIRS,n,2.0NRT,300.85,5.12,D
12.00995,76.53059,335.26,0.47,0.4,2026-09-28,805,N20,VIIRS,l,2.0NRT,304.32,6.5,D
12.08009,77.06654,330.77,0.45,0.39,2026-09-28,805,N20,VIIRS,n,2.0NRT,296.12,4.01,D
12.25737,79.74642,330.89,0.38,0.36,2026-09-28,805,N20,VIIRS,n,2.0NRT,299.25,4.03,D
12.2711,79.74783,332.43,0.38,0.36,2026-09-28,805,N20,VIIRS,n,2.0NRT,300.26,2.56,D
12.30713,79.65236,335.43,0.38,0.36,2026-09-28,805,N20,VIIRS,n,2.0NRT,299.33,5.72,D
12.58398,79.90929,339,0.38,0.36,2026-09-28,805,N20,VIIRS,n,2.0NRT,301.44,6.39,D
12.59434,76.99454,331.68,0.44,0.39,2026-09-28,805,N20,VIIRS,l,2.0NRT,297.14,2.47,D
13.10313,80.04044,334.76,0.39,0.36,2026-09-28,805,N20,VIIRS,n,2.0NRT,300.02,3.17,D
13.35613,79.82568,339.57,0.38,0.36,2026-09-28,805,N20,VIIRS,n,2.0NRT,300.12,3.64,D
13.40022,79.64922,331.62,0.38,0.36,2026-09-28,805,N20,VIIRS,n,2.0NRT,299.13,1.4,D
14.0248,79.9631,336.84,0.39,0.36,2026-09-28,805,N20,VIIRS,n,2.0NRT,304.65,2.97,D
14.02852,79.96228,331.48,0.39,0.36,2026-09-28,805,N20,VIIRS,l,2.0NRT,304.35,1.9,D
14.07511,80.00217,340.06,0.39,0.36,2026-09-28,805,N20,VIIRS,n,2.0NRT,305.94,1.88,D
14.07758,79.68266,339.85,0.38,0.36,2026-09-28,805,N20,VIIRS,n,2.0NRT,308.39,2.95,D
14.17056,80.09591,333.46,0.39,0.36,2026-09-28,805,N20,VIIRS,l,2.0NRT,304.94,1.04,D
14.23358,80.06411,334.09,0.39,0.36,2026-09-28,805,N20,VIIRS,l,2.0NRT,305.09,2.54,D
14.2989,79.284,339.78,0.38,0.36,2026-09-28,805,N20,VIIRS,n,2.0NRT,301.62,3.02,D
14.55724,79.89117,340.05,0.39,0.36,2026-09-28,805,N20,VIIRS,n,2.0NRT,306.75,2.78,D
14.88695,79.31004,339.23,0.38,0.36,2026-09-28,805,N20,VIIRS,n,2.0NRT,309.45,4.23,D
14.89025,79.3095,347,0.38,0.36,2026-09-28,805,N20,VIIRS,n,2.0NRT,307.74,4.23,D
14.89515,79.90199,332.04,0.39,0.36,2026-09-28,805,N20,VIIRS,l,2.0NRT,305.45,1.33,D
15.00517,78.62002,343.74,0.39,0.36,2026-09-28,805,N20,VIIRS,n,2.0NRT,306.9,5.68,D
15.12366,79.61607,339.98,0.39,0.36,2026-09-28,805,N20,VIIRS,n,2.0NRT,309.51,4.43,D
15.12697,79.61554,336.92,0.39,0.36,2026-09-28,805,N20,VIIRS,l,2.0NRT,311.16,4.43,D
15.17145,76.66502,341.3,0.43,0.38,2026-09-28,805,N20,VIIRS,n,2.0NRT,297.65,5.2,D
15.17361,76.65648,331.2,0.43,0.38,2026-09-28,805,N20,VIIRS,n,2.0NRT,298.36,2.95,D
15.17707,76.65586,330.29,0.43,0.38,2026-09-28,805,N20,VIIRS,l,2.0NRT,299.97,2.95,D
15.17739,76.83011,337.32,0.43,0.38,2026-09-28,805,N20,VIIRS,l,2.0NRT,305.63,5.1,D
15.18205,76.64273,334.72,0.43,0.38,2026-09-28,805,N20,VIIRS,l,2.0NRT,300.26,4.69,D
15.1825,76.66714,335.05,0.43,0.38,2026-09-28,805,N20,VIIRS,n,2.0NRT,299.44,4.74,D
15.18511,76.68298,343.92,0.43,0.38,2026-09-28,805,N20,VIIRS,n,2.0NRT,302.06,12.93,D
15.19015,78.56326,337.48,0.39,0.36,2026-09-28,805,N20,VIIRS,n,2.0NRT,303.65,1.81,D
15.212,79.72919,341.44,0.39,0.36,2026-09-28,805,N20,VIIRS,l,2.0NRT,311.95,7.2,D
15.33562,76.27665,333.43,0.45,0.39,2026-09-28,805,N20,VIIRS,l,2.0NRT,300.47,5.81,D
15.34202,75.16431,342.13,0.5,0.41,2026-09-28,805,N20,VIIRS,n,2.0NRT,302.89,4.34,D
15.48037,79.66379,347.3,0.39,0.36,2026-09-28,805,N20,VIIRS,n,2.0NRT,315.26,7.37,D
15.52796,79.52738,338.52,0.39,0.36,2026-09-28,805,N20,VIIRS,l,2.0NRT,312.51,2.6,D
15.52849,79.53094,339.81,0.39,0.36,2026-09-28,805,N20,VIIRS,l,2.0NRT,313.48,2.6,D
15.55532,79.70966,338.09,0.39,0.36,2026-09-28,805,N20,VIIRS,l,2.0NRT,312.71,6.17,D
15.78393,80.38248,339.78,0.4,0.37,2026-09-28,805,N20,VIIRS,n,2.0NRT,308.19,5.22,D
15.82707,79.64309,335.85,0.39,0.36,2026-09-28,805,N20,VIIRS,l,2.0NRT,309.96,1.94,D
15.86925,80.60092,338.1,0.4,0.37,2026-09-28,805,N20,VIIRS,l,2.0NRT,308.55,5.36,D
15.91799,78.47963,338.25,0.39,0.36,2026-09-28,805,N20,VIIRS,l,2.0NRT,309.06,2.97,D
16.38241,79.4528,340.58,0.39,0.36,2026-09-28,805,N20,VIIRS,l,2.0NRT,312.62,6.58,D
16.42423,79.4608,337.77,0.39,0.36,2026-09-28,805,N20,VIIRS,l,2.0NRT,308.77,3.45,D
16.4444,79.52754,335.31,0.39,0.36,2026-09-28,805,N20,VIIRS,l,2.0NRT,309.77,2.54,D
16.45196,79.57796,341.03,0.39,0.36,2026-09-28,805,N20,VIIRS,n,2.0NRT,310.75,5.35,D
16.92745,80.86146,331.5,0.42,0.37,2026-09-28,805,N20,VIIRS,n,2.0NRT,301,1.71,D
17.038,81.56944,334.03,0.44,0.39,2026-09-28,805,N20,VIIRS,n,2.0NRT,303.99,3.05,D
18.57694,72.24092,339.83,0.44,0.46,2026-09-28,805,N20,VIIRS,n,2.0NRT,294.66,3.78,D
18.68213,74.35254,334.8,0.5,0.41,2026-09-28,805,N20,VIIRS,n,2.0NRT,303.25,2.62,D
18.68583,74.35184,330.4,0.5,0.41,2026-09-28,805,N20,VIIRS,l,2.0NRT,301.15,2.62,D
18.70511,72.34275,339.13,0.43,0.46,2026-09-28,805,N20,VIIRS,n,2.0NRT,293.26,8.43,D
19.40154,77.36278,335.05,0.39,0.36,2026-09-28,805,N20,VIIRS,n,2.0NRT,305.67,2.54,D
19.76065,74.55859,330.56,0.47,0.4,2026-09-28,805,N20,VIIRS,l,2.0NRT,303.47,4.09,D
19.81744,75.23071,334.88,0.44,0.38,2026-09-28,805,N20,VIIRS,l,2.0NRT,307.82,6.14,D
20.79189,85.25721,333.06,0.53,0.5,2026-09-28,805,N20,VIIRS,n,2.0NRT,296.88,10.74,D
20.8872,84.98304,334.36,0.51,0.49,2026-09-28,805,N20,VIIRS,n,2.0NRT,293.01,2.83,D
20.9612,85.18707,332.37,0.53,0.5,2026-09-28,805,N20,VIIRS,n,2.0NRT,295.6,4.25,D
20.96852,85.17239,332.31,0.53,0.5,2026-09-28,805,N20,VIIRS,n,2.0NRT,298.17,9.97,D
20.96927,85.17585,340.97,0.53,0.5,2026-09-28,805,N20,VIIRS,n,2.0NRT,297.99,12.22,D
20.97855,85.13541,329.84,0.52,0.5,2026-09-28,805,N20,VIIRS,n,2.0NRT,298.94,4.77,D
21.07911,85.03684,330.49,0.52,0.5,2026-09-28,805,N20,VIIRS,n,2.0NRT,299.99,10.63,D
21.10014,72.63719,335.45,0.57,0.43,2026-09-28,805,N20,VIIRS,n,2.0NRT,302.3,6.79,D
21.10106,72.63876,336.91,0.57,0.43,2026-09-28,805,N20,VIIRS,n,2.0NRT,303.37,6.28,D
21.10406,72.63636,337.27,0.57,0.43,2026-09-28,805,N20,VIIRS,n,2.0NRT,302.89,6.79,D
21.10607,72.64712,346.06,0.57,0.43,2026-09-28,805,N20,VIIRS,n,2.0NRT,305.48,17.44,D
21.12694,75.82156,336.71,0.41,0.37,2026-09-28,805,N20,VIIRS,n,2.0NRT,308.26,4.96,D
21.12758,75.82547,335.61,0.41,0.37,2026-09-28,805,N20,VIIRS,l,2.0NRT,307.37,4.96,D
21.16138,76.03081,339.14,0.4,0.37,2026-09-28,805,N20,VIIRS,n,2.0NRT,308.18,2.69,D
21.20368,75.97134,334.56,0.41,0.37,2026-09-28,805,N20,VIIRS,l,2.0NRT,308.03,2.52,D
21.22164,75.67126,336.99,0.41,0.37,2026-09-28,805,N20,VIIRS,n,2.0NRT,308.92,7.39,D
21.24844,79.20926,330.97,0.4,0.37,2026-09-28,805,N20,VIIRS,l,2.0NRT,304.27,1.54,D
21.33588,78.96857,334.99,0.4,0.37,2026-09-28,805,N20,VIIRS,l,2.0NRT,309.48,2.56,D
21.75114,83.97552,337.35,0.45,0.47,2026-09-28,805,N20,VIIRS,n,2.0NRT,300.62,6.55,D
21.7567,84.02383,329.91,0.46,0.47,2026-09-28,805,N20,VIIRS,l,2.0NRT,303.25,5.05,D
21.81937,75.86546,334.51,0.4,0.37,2026-09-28,805,N20,VIIRS,n,2.0NRT,306.43,2.23,D
21.82206,76.23584,337.11,0.4,0.37,2026-09-28,805,N20,VIIRS,n,2.0NRT,303.76,1.46,D
21.92257,83.35292,332.59,0.42,0.45,2026-09-28,805,N20,VIIRS,n,2.0NRT,300.15,3.4,D
22.04014,83.72887,347.55,0.44,0.46,2026-09-28,805,N20,VIIRS,n,2.0NRT,303.19,7.63,D
22.29782,76.965,331.95,0.39,0.36,2026-09-28,805,N20,VIIRS,l,2.0NRT,305.4,2.12,D
22.35937,82.30162,344.42,0.55,0.43,2026-09-28,805,N20,VIIRS,n,2.0NRT,303.38,13,D
22.35958,82.29958,335.36,0.55,0.43,2026-09-28,805,N20,VIIRS,n,2.0NRT,303.15,6.07,D
22.36022,82.3049,329.75,0.55,0.43,2026-09-28,805,N20,VIIRS,l,2.0NRT,300.19,3.88,D
22.37396,87.28074,328.91,0.37,0.58,2026-09-28,805,N20,VIIRS,n,2.0NRT,296.09,3.72,D
22.37678,87.2814,340.67,0.37,0.58,2026-09-28,805,N20,VIIRS,n,2.0NRT,296.97,6.82,D
22.37934,87.28019,328.82,0.37,0.58,2026-09-28,805,N20,VIIRS,n,2.0NRT,295.38,3.67,D
22.78476,86.20706,336.17,0.32,0.55,2026-09-28,805,N20,VIIRS,n,2.0NRT,300.96,4.73,D
23.56081,87.08539,328.87,0.38,0.58,2026-09-28,805,N20,VIIRS,n,2.0NRT,296.09,2.99,D
23.69201,87.12357,329.54,0.38,0.59,2026-09-28,805,N20,VIIRS,n,2.0NRT,295.87,5.64,D
23.77719,86.20966,338.69,0.33,0.55,2026-09-28,805,N20,VIIRS,n,2.0NRT,300.72,3.97,D
23.77749,86.2129,331.22,0.33,0.55,2026-09-28,805,N20,VIIRS,n,2.0NRT,297.17,3.97,D
23.80408,86.33035,339.31,0.34,0.56,2026-09-28,805,N20,VIIRS,n,2.0NRT,298.92,5.47,D
17.43083,78.17701,350.17,0.39,0.36,2026-09-28,807,N20,VIIRS,n,2.0NRT,307.3,8.62,D
17.43622,74.96846,332.34,0.48,0.4,2026-09-28,807,N20,VIIRS,n,2.0NRT,298.65,4.25,D
17.45739,80.9258,333.88,0.42,0.38,2026-09-28,807,N20,VIIRS,n,2.0NRT,297.56,1.46,D
17.45751,80.38316,332.28,0.41,0.37,2026-09-28,807,N20,VIIRS,n,2.0NRT,302.38,3.1,D
17.73381,75.05949,330.46,0.47,0.4,2026-09-28,807,N20,VIIRS,l,2.0NRT,302.13,2.48,D
17.9815,80.82681,331.11,0.42,0.38,2026-09-28,807,N20,VIIRS,l,2.0NRT,305.11,7.11,D
18.77501,78.41205,335.78,0.38,0.36,2026-09-28,807,N20,VIIRS,n,2.0NRT,306.43,3.68,D
18.83812,78.22338,330.13,0.38,0.36,2026-09-28,807,N20,VIIRS,l,2.0NRT,301.69,2.69,D
22.59766,75.42262,337.09,0.41,0.37,2026-09-28,807,N20,VIIRS,n,2.0NRT,308.96,2.27,D
22.66519,75.3614,335.2,0.41,0.37,2026-09-28,807,N20,VIIRS,l,2.0NRT,306.35,3.37,D
22.6928,75.23318,330.69,0.41,0.37,2026-09-28,807,N20,VIIRS,l,2.0NRT,305.21,2.78,D
22.75153,76.21956,335.45,0.39,0.36,2026-09-28,807,N20,VIIRS,n,2.0NRT,307.55,2.17,D
22.75764,75.28631,331.47,0.41,0.37,2026-09-28,807,N20,VIIRS,l,2.0NRT,306.19,2.05,D
22.79666,75.75908,332.3,0.4,0.37,2026-09-28,807,N20,VIIRS,l,2.0NRT,307.24,2.18,D
22.80894,76.06854,332.57,0.39,0.37,2026-09-28,807,N20,VIIRS,l,2.0NRT,306.04,1.15,D
22.81628,76.11414,334.73,0.39,0.36,2026-09-28,807,N20,VIIRS,l,2.0NRT,306.86,2.25,D
22.822,75.37629,336.17,0.41,0.37,2026-09-28,807,N20,VIIRS,l,2.0NRT,308.69,2.31,D
22.84293,75.37634,346.01,0.41,0.37,2026-09-28,807,N20,VIIRS,n,2.0NRT,308.56,4.71,D
22.90018,75.46259,330.96,0.41,0.37,2026-09-28,807,N20,VIIRS,l,2.0NRT,305.52,2.32,D
22.90355,75.46195,333.51,0.41,0.37,2026-09-28,807,N20,VIIRS,l,2.0NRT,305.22,2.58,D
22.95162,75.7534,331.37,0.4,0.37,2026-09-28,807,N20,VIIRS,l,2.0NRT,305.17,2.16,D
22.95706,76.22816,330.81,0.39,0.36,2026-09-28,807,N20,VIIRS,l,2.0NRT,304.76,1.25,D
22.96165,75.60381,330.54,0.4,0.37,2026-09-28,807,N20,VIIRS,l,2.0NRT,303.97,1.44,D
22.99601,76.06844,335.13,0.39,0.36,2026-09-28,807,N20,VIIRS,n,2.0NRT,305.34,2.13,D
23.05655,69.65375,335.67,0.53,0.5,2026-09-28,807,N20,VIIRS,n,2.0NRT,300.84,4.71,D
23.07675,75.93148,333.8,0.4,0.37,2026-09-28,807,N20,VIIRS,n,2.0NRT,307.88,1.33,D
23.11514,75.68654,336.64,0.4,0.37,2026-09-28,807,N20,VIIRS,n,2.0NRT,307.81,2.51,D
23.12875,76.45178,333.27,0.39,0.36,2026-09-28,807,N20,VIIRS,l,2.0NRT,306.78,1.08,D
23.21271,76.03977,335.45,0.39,0.36,2026-09-28,807,N20,VIIRS,l,2.0NRT,308.65,2.5,D
23.21502,75.52382,335.19,0.4,0.37,2026-09-28,807,N20,VIIRS,n,2.0NRT,308.55,2.09,D
23.21529,75.56801,334.48,0.4,0.37,2026-09-28,807,N20,VIIRS,l,2.0NRT,309.18,2.08,D
23.22206,76.0341,333.63,0.39,0.36,2026-09-28,807,N20,VIIRS,l,2.0NRT,307.21,2.34,D
23.25534,77.06979,337.03,0.38,0.36,2026-09-28,807,N20,VIIRS,n,2.0NRT,305.71,2.02,D
23.36414,75.65202,334.75,0.4,0.37,2026-09-28,807,N20,VIIRS,n,2.0NRT,307.45,2.26,D
23.39875,77.45322,342.13,0.38,0.36,2026-09-28,807,N20,VIIRS,n,2.0NRT,304.48,4.72,D
23.39931,77.45695,332.32,0.38,0.36,2026-09-28,807,N20,VIIRS,n,2.0NRT,300.38,3.12,D
23.40622,76.48542,335.75,0.39,0.36,2026-09-28,807,N20,VIIRS,n,2.0NRT,306.5,1.22,D
23.44721,76.01553,333.68,0.39,0.36,2026-09-28,807,N20,VIIRS,l,2.0NRT,308.31,2.14,D
23.47355,76.07322,334.51,0.39,0.36,2026-09-28,807,N20,VIIRS,n,2.0NRT,307.76,1.92,D
23.48979,76.84711,335.24,0.38,0.36,2026-09-28,807,N20,VIIRS,n,2.0NRT,304.37,2.27,D
23.49603,75.97885,337.65,0.39,0.36,2026-09-28,807,N20,VIIRS,n,2.0NRT,306.81,2.44,D
24.90453,68.02555,339.72,0.61,0.54,2026-09-28,807,N20,VIIRS,n,2.0NRT,297.45,6.35,D
25.20258,69.49446,330.15,0.49,0.49,2026-09-28,807,N20,VIIRS,l,2.0NRT,304.88,2.39,D
25.54335,75.03336,332.26,0.4,0.37,2026-09-28,807,N20,VIIRS,l,2.0NRT,306.65,2.25,D
25.6973,68.3727,331.25,0.56,0.52,2026-09-28,807,N20,VIIRS,l,2.0NRT,305.56,2.68,D
25.99602,69.32734,335.22,0.49,0.48,2026-09-28,807,N20,VIIRS,n,2.0NRT,303.22,1.48,D
26.23125,68.39407,337.89,0.55,0.51,2026-09-28,807,N20,VIIRS,n,2.0NRT,306.52,2.84,D
27.33493,68.96681,337.29,0.48,0.48,2026-09-28,807,N20,VIIRS,n,2.0NRT,304.01,3.09,D
27.41662,70.83878,335.05,0.56,0.43,2026-09-28,807,N20,VIIRS,l,2.0NRT,305.36,2.69,D
27.49208,70.63928,336.66,0.38,0.43,2026-09-28,807,N20,VIIRS,l,2.0NRT,309.11,3.33,D
27.84483,77.57309,332.2,0.4,0.37,2026-09-28,807,N20,VIIRS,n,2.0NRT,299.6,2.23,D
27.89628,73.58247,336.68,0.42,0.38,2026-09-28,807,N20,VIIRS,n,2.0NRT,296.43,3.04,D
27.89699,73.58669,356.39,0.42,0.38,2026-09-28,807,N20,VIIRS,l,2.0NRT,297.53,3.87,D
27.89771,73.5909,344.28,0.42,0.38,2026-09-28,807,N20,VIIRS,n,2.0NRT,296.83,3.87,D
27.90041,73.58594,343.73,0.42,0.38,2026-09-28,807,N20,VIIRS,n,2.0NRT,297.05,3.87,D
27.90112,73.59015,341.52,0.42,0.38,2026-09-28,807,N20,VIIRS,n,2.0NRT,296.61,3.87,D
27.95373,77.69929,332.45,0.4,0.37,2026-09-28,807,N20,VIIRS,n,2.0NRT,295.48,4.22,D
28.24154,76.88919,330.27,0.39,0.36,2026-09-28,807,N20,VIIRS,n,2.0NRT,298.73,2.67,D
28.44975,73.27705,335.07,0.42,0.38,2026-09-28,807,N20,VIIRS,n,2.0NRT,298.35,2.2,D
28.45169,73.26772,338.8,0.42,0.38,2026-09-28,807,N20,VIIRS,n,2.0NRT,299.11,2.12,D
28.45243,73.272,337.16,0.42,0.38,2026-09-28,807,N20,VIIRS,n,2.0NRT,298.52,2.12,D
28.45438,73.26268,336.51,0.43,0.38,2026-09-28,807,N20,VIIRS,n,2.0NRT,300.4,1.77,D
28.45586,73.27123,345.2,0.42,0.38,2026-09-28,807,N20,VIIRS,n,2.0NRT,299.33,4.12,D
30.79156,75.1514,332.19,0.38,0.36,2026-09-28,809,N20,VIIRS,n,2.0NRT,302.05,3.28,D
30.82006,75.15816,328.63,0.38,0.36,2026-09-28,809,N20,VIIRS,l,2.0NRT,303.04,1.42,D
31.09915,75.00624,329.19,0.38,0.36,2026-09-28,809,N20,VIIRS,n,2.0NRT,297.16,2.28,D
31.41008,75.05821,334.12,0.38,0.36,2026-09-28,809,N20,VIIRS,n,2.0NRT,297.28,2.44,D
31.44208,75.04371,332.48,0.38,0.36,2026-09-28,809,N20,VIIRS,n,2.0NRT,295.13,3.54,D
31.53296,75.06199,328.65,0.38,0.36,2026-09-28,809,N20,VIIRS,n,2.0NRT,296.86,1.26,D
31.59702,74.09836,338.07,0.39,0.36,2026-09-28,809,N20,VIIRS,n,2.0NRT,294.48,4.32,D
31.60001,75.21027,335.97,0.38,0.36,2026-09-28,809,N20,VIIRS,n,2.0NRT,298.71,3.63,D
31.73647,74.63587,326.32,0.38,0.36,2026-09-28,809,N20,VIIRS,n,2.0NRT,295.8,2.34,D
31.77588,74.62748,329.34,0.38,0.36,2026-09-28,809,N20,VIIRS,n,2.0NRT,293.37,1.74,D
31.80785,74.59126,333.47,0.38,0.36,2026-09-28,809,N20,VIIRS,n,2.0NRT,294.98,2.37,D
31.82869,74.81558,330.5,0.38,0.36,2026-09-28,809,N20,VIIRS,n,2.0NRT,290.59,2.23,D
31.85969,74.75058,331.36,0.38,0.36,2026-09-28,809,N20,VIIRS,n,2.0NRT,286.03,2.71,D
31.88657,73.96911,330.35,0.39,0.36,2026-09-28,809,N20,VIIRS,n,2.0NRT,295.83,2.18,D
31.91408,74.75153,325.88,0.38,0.36,2026-09-28,809,N20,VIIRS,n,2.0NRT,287.15,2.29,D
31.92028,74.1591,331.72,0.39,0.36,2026-09-28,809,N20,VIIRS,n,2.0NRT,296.52,3.21,D
31.92092,74.16315,341.35,0.39,0.36,2026-09-28,809,N20,VIIRS,n,2.0NRT,296.5,3.21,D
31.9458,74.19123,329.32,0.39,0.36,2026-09-28,809,N20,VIIRS,n,2.0NRT,300.57,2.56,D
31.94874,74.12402,325.33,0.39,0.36,2026-09-28,809,N20,VIIRS,n,2.0NRT,297.27,1.97,D
32.07257,75.14321,338.22,0.38,0.36,2026-09-28,809,N20,VIIRS,n,2.0NRT,294.83,4.3,D
32.14516,75.28693,336.04,0.39,0.36,2026-09-28,809,N20,VIIRS,n,2.0NRT,299.68,2.54,D
32.14577,75.29098,331.48,0.39,0.36,2026-09-28,809,N20,VIIRS,n,2.0NRT,300.18,2.54,D
34.0703,71.9859,336.08,0.41,0.37,2026-09-28,809,N20,VIIRS,n,2.0NRT,298.92,1.93,D
26.77236,94.5045,305.15,0.34,0.56,2026-09-28,1851,N20,VIIRS,n,2.0NRT,290.51,0.64,N
26.77389,94.50404,305.67,0.34,0.56,2026-09-28,1851,N20,VIIRS,n,2.0NRT,290.73,1.24,N
27.15632,94.92964,304.49,0.32,0.55,2026-09-28,1851,N20,VIIRS,n,2.0NRT,289.29,0.46,N
27.15771,94.92831,304.79,0.32,0.55,2026-09-28,1851,N20,VIIRS,n,2.0NRT,289.85,0.55,N
27.32703,95.27826,309.6,0.62,0.54,2026-09-28,1851,N20,VIIRS,n,2.0NRT,291.5,1.64,N
27.32792,95.27844,305.84,0.62,0.54,2026-09-28,1851,N20,VIIRS,n,2.0NRT,291,1.62,N
27.38037,95.08611,313.35,0.32,0.54,2026-09-28,1851,N20,VIIRS,n,2.0NRT,291.49,0.7,N
27.46166,95.47237,304.99,0.6,0.53,2026-09-28,1851,N20,VIIRS,n,2.0NRT,291.6,1.1,N
29.37913,91.14723,304.19,0.59,0.7,2026-09-28,1851,N20,VIIRS,n,2.0NRT,280.48,2.16,N
30.0671,96.97626,298.73,0.53,0.5,2026-09-28,1851,N20,VIIRS,n,2.0NRT,286.92,1.6,N
30.07117,96.97861,297.39,0.53,0.5,2026-09-28,1851,N20,VIIRS,n,2.0NRT,285.6,1.53,N
25.54222,91.23219,305.1,0.53,0.67,2026-09-28,1853,N20,VIIRS,n,2.0NRT,285.55,0.82,N
25.54391,91.23186,300.95,0.53,0.67,2026-09-28,1853,N20,VIIRS,n,2.0NRT,285.16,0.58,N
29.26538,91.92152,295.22,0.49,0.65,2026-09-28,2032,N20,VIIRS,n,2.0NRT,280.48,1.8,N
29.37501,91.14719,299.73,0.44,0.62,2026-09-28,2032,N20,VIIRS,n,2.0NRT,279.47,1.1,N
29.3783,91.14735,296.76,0.44,0.62,2026-09-28,2032,N20,VIIRS,n,2.0NRT,278.82,1.04,N
29.78895,91.60406,301.59,0.46,0.63,2026-09-28,2032,N20,VIIRS,n,2.0NRT,280.45,1.13,N
31.25843,76.92194,299.13,0.44,0.38,2026-09-28,2032,N20,VIIRS,n,2.0NRT,286.44,0.35,N
31.61704,74.37169,305.64,0.57,0.43,2026-09-28,2032,N20,VIIRS,n,2.0NRT,292.86,0.66,N
31.77185,70.10772,303.33,0.34,0.56,2026-09-28,2032,N20,VIIRS,n,2.0NRT,289.39,0.61,N
32.06046,74.21032,303.98,0.39,0.44,2026-09-28,2032,N20,VIIRS,n,2.0NRT,293.13,0.42,N
32.5738,72.5625,302.15,0.49,0.49,2026-09-28,2032,N20,VIIRS,n,2.0NRT,291.46,0.84,N
32.71751,72.77157,298.64,0.48,0.48,2026-09-28,2032,N20,VIIRS,n,2.0NRT,288.12,1.16,N
33.29718,71.18378,311.86,0.6,0.53,2026-09-28,2032,N20,VIIRS,n,2.0NRT,288.62,1.82,N
33.68779,72.71104,304,0.5,0.49,2026-09-28,2032,N20,VIIRS,n,2.0NRT,289.98,1.2,N
33.81643,72.71861,300.29,0.5,0.49,2026-09-28,2032,N20,VIIRS,n,2.0NRT,289.87,0.91,N
21.67586,84.03873,304.9,0.47,0.48,2026-09-28,2034,N20,VIIRS,n,2.0NRT,293.84,1.13,N
21.68016,84.03973,317.4,0.47,0.48,2026-09-28,2034,N20,VIIRS,n,2.0NRT,295.7,3.73,N
21.74224,83.83936,307.26,0.45,0.47,2026-09-28,2034,N20,VIIRS,n,2.0NRT,294.36,2.7,N
21.74648,83.84037,323.94,0.45,0.47,2026-09-28,2034,N20,VIIRS,n,2.0NRT,294.44,3.21,N
21.75071,83.84138,321.22,0.45,0.47,2026-09-28,2034,N20,VIIRS,n,2.0NRT,294.91,3.21,N
21.75159,83.97296,327.48,0.46,0.47,2026-09-28,2034,N20,VIIRS,n,2.0NRT,294.47,3.86,N
21.75408,83.9722,331.05,0.46,0.47,2026-09-28,2034,N20,VIIRS,n,2.0NRT,294.15,3.31,N
21.75494,83.84239,327.93,0.45,0.47,2026-09-28,2034,N20,VIIRS,n,2.0NRT,295.65,3.34,N
21.75712,84.02347,325.58,0.46,0.47,2026-09-28,2034,N20,VIIRS,n,2.0NRT,295.62,3.67,N
21.75917,83.84338,315.39,0.45,0.47,2026-09-28,2034,N20,VIIRS,n,2.0NRT,294.68,3.34,N
21.7623,84.02005,312.13,0.46,0.47,2026-09-28,2034,N20,VIIRS,n,2.0NRT,295.92,2.89,N
21.76257,83.84866,322.6,0.45,0.47,2026-09-28,2034,N20,VIIRS,n,2.0NRT,295.23,1.97,N
21.76341,83.84435,307.09,0.45,0.47,2026-09-28,2034,N20,VIIRS,n,2.0NRT,293.51,1.97,N
21.76746,84.01665,318.81,0.46,0.47,2026-09-28,2034,N20,VIIRS,n,2.0NRT,295.2,4.23,N
21.79885,83.88271,306.57,0.45,0.47,2026-09-28,2034,N20,VIIRS,n,2.0NRT,293.72,1.56,N
21.82495,83.99767,304.21,0.46,0.47,2026-09-28,2034,N20,VIIRS,n,2.0NRT,293.44,0.68,N
21.82689,83.89793,306.37,0.45,0.47,2026-09-28,2034,N20,VIIRS,n,2.0NRT,293.7,0.76,N
21.86002,83.96736,307.73,0.46,0.47,2026-09-28,2034,N20,VIIRS,n,2.0NRT,294.2,1.08,N
21.87568,83.49691,309.37,0.43,0.46,2026-09-28,2034,N20,VIIRS,n,2.0NRT,294.89,1.91,N
21.87762,83.55286,311.07,0.43,0.46,2026-09-28,2034,N20,VIIRS,n,2.0NRT,294.01,1.71,N
21.87924,83.54465,304.08,0.43,0.46,2026-09-28,2034,N20,VIIRS,n,2.0NRT,293.67,0.8,N
21.92157,83.35119,327.3,0.42,0.45,2026-09-28,2034,N20,VIIRS,n,2.0NRT,297.7,3.9,N
21.92235,83.34718,306.3,0.42,0.45,2026-09-28,2034,N20,VIIRS,n,2.0NRT,295.08,1.71,N
21.92567,83.3521,307.24,0.42,0.45,2026-09-28,2034,N20,VIIRS,n,2.0NRT,294.59,0.9,N
21.92576,85.22005,306.67,0.55,0.51,2026-09-28,2034,N20,VIIRS,n,2.0NRT,289.83,1.78,N
21.9285,85.2233,302.93,0.55,0.51,2026-09-28,2034,N20,VIIRS,n,2.0NRT,289.82,2.21,N
21.93037,85.2211,305.53,0.55,0.51,2026-09-28,2034,N20,VIIRS,n,2.0NRT,290.15,1.78,N
21.96567,83.77126,309.14,0.44,0.46,2026-09-28,2034,N20,VIIRS,n,2.0NRT,294.7,1.8,N
21.96743,85.31462,303.82,0.55,0.51,2026-09-28,2034,N20,VIIRS,n,2.0NRT,289.89,0.98,N
21.98291,83.23276,306.54,0.41,0.45,2026-09-28,2034,N20,VIIRS,n,2.0NRT,294.26,0.92,N
21.98698,83.23367,312.1,0.41,0.45,2026-09-28,2034,N20,VIIRS,n,2.0NRT,294.82,0.92,N
22.00469,82.66751,311.7,0.57,0.43,2026-09-28,2034,N20,VIIRS,n,2.0NRT,294.75,3.01,N
22.0053,82.67033,318.46,0.38,0.43,2026-09-28,2034,N20,VIIRS,n,2.0NRT,295.08,3.32,N
22.01765,83.75218,313.18,0.44,0.46,2026-09-28,2034,N20,VIIRS,n,2.0NRT,294.33,2,N
22.01785,83.75123,310.99,0.44,0.46,2026-09-28,2034,N20,VIIRS,n,2.0NRT,294.49,1.75,N
22.02051,83.33875,307.96,0.42,0.45,2026-09-28,2034,N20,VIIRS,n,2.0NRT,294.22,1.01,N
22.0322,83.36635,305.67,0.42,0.45,2026-09-28,2034,N20,VIIRS,n,2.0NRT,294.42,0.9,N
22.03299,83.36233,306.61,0.42,0.45,2026-09-28,2034,N20,VIIRS,n,2.0NRT,294.42,1.88,N
22.03456,83.35429,306.53,0.42,0.45,2026-09-28,2034,N20,VIIRS,n,2.0NRT,294.08,1.74,N
22.03944,83.35119,321.06,0.42,0.45,2026-09-28,2034,N20,VIIRS,n,2.0NRT,295.53,1.74,N
22.03965,83.72991,320.7,0.44,0.46,2026-09-28,2034,N20,VIIRS,n,2.0NRT,296.07,2.44,N
22.04048,83.72572,315.95,0.44,0.46,2026-09-28,2034,N20,VIIRS,n,2.0NRT,294.07,2.44,N
22.04466,83.7267,305.24,0.44,0.46,2026-09-28,2034,N20,VIIRS,n,2.0NRT,293.48,0.93,N
22.05301,88.12457,308.48,0.42,0.61,2026-09-28,2034,N20,VIIRS,n,2.0NRT,287.58,0.89,N
22.0539,88.12061,304.84,0.42,0.61,2026-09-28,2034,N20,VIIRS,n,2.0NRT,286.76,0.89,N
22.06301,83.33971,308.57,0.42,0.45,2026-09-28,2034,N20,VIIRS,n,2.0NRT,293.78,1.01,N
22.06639,83.70541,308.61,0.44,0.46,2026-09-28,2034,N20,VIIRS,n,2.0NRT,293.66,0.9,N
22.13353,85.38192,302.93,0.55,0.51,2026-09-28,2034,N20,VIIRS,n,2.0NRT,289.78,1.05,N
22.2204,84.75444,306.51,0.51,0.49,2026-09-28,2034,N20,VIIRS,n,2.0NRT,292.44,2.37,N
22.31491,82.53111,307.15,0.56,0.43,2026-09-28,2034,N20,VIIRS,n,2.0NRT,294.54,2.43,N
22.31765,82.55943,308.13,0.56,0.43,2026-09-28,2034,N20,VIIRS,n,2.0NRT,295.52,2.27,N
22.32426,82.58881,316.05,0.56,0.43,2026-09-28,2034,N20,VIIRS,n,2.0NRT,294.62,2.38,N
22.35838,82.30055,334.94,0.54,0.42,2026-09-28,2034,N20,VIIRS,n,2.0NRT,296.64,5.56,N
22.36221,82.30137,308.07,0.54,0.42,2026-09-28,2034,N20,VIIRS,n,2.0NRT,295.48,1.69,N
22.36409,87.01693,311.21,0.35,0.57,2026-09-28,2034,N20,VIIRS,n,2.0NRT,284.89,1.08,N
22.36718,87.30074,312.07,0.36,0.58,2026-09-28,2034,N20,VIIRS,n,2.0NRT,284.72,1.32,N
22.36721,87.29976,313.54,0.36,0.58,2026-09-28,2034,N20,VIIRS,n,2.0NRT,284.93,1.8,N
22.36796,87.2973,304.46,0.36,0.58,2026-09-28,2034,N20,VIIRS,n,2.0NRT,284.11,1.1,N
22.37688,87.28044,316.33,0.36,0.58,2026-09-28,2034,N20,VIIRS,n,2.0NRT,284.87,2.74,N
22.37763,87.277,323.64,0.36,0.58,2026-09-28,2034,N20,VIIRS,n,2.0NRT,284.92,3.28,N
22.37776,87.27804,326.07,0.36,0.57,2026-09-28,2034,N20,VIIRS,n,2.0NRT,285.77,1.92,N
22.37853,87.2746,306.95,0.36,0.57,2026-09-28,2034,N20,VIIRS,n,2.0NRT,283.79,1.92,N
22.78545,86.20361,330.45,0.61,0.53,2026-09-28,2034,N20,VIIRS,n,2.0NRT,290.05,4.63,N
22.79147,86.1991,313.52,0.61,0.53,2026-09-28,2034,N20,VIIRS,n,2.0NRT,290.34,4.63,N
22.79981,86.20747,318.9,0.61,0.53,2026-09-28,2034,N20,VIIRS,n,2.0NRT,290.32,4.67,N
22.80025,86.08677,305,0.6,0.53,2026-09-28,2034,N20,VIIRS,n,2.0NRT,290.94,1.52,N
22.87564,86.05989,310.47,0.59,0.53,2026-09-28,2034,N20,VIIRS,n,2.0NRT,291.17,2.28,N
23.16399,82.33562,313.93,0.53,0.42,2026-09-28,2034,N20,VIIRS,n,2.0NRT,293.45,2.13,N
23.16427,82.33861,318.11,0.53,0.42,2026-09-28,2034,N20,VIIRS,n,2.0NRT,294.2,2.5,N
23.16523,82.33344,308.33,0.53,0.42,2026-09-28,2034,N20,VIIRS,n,2.0NRT,292.82,0.95,N
23.1668,82.34153,329.79,0.53,0.42,2026-09-28,2034,N20,VIIRS,n,2.0NRT,294.85,4.99,N
23.16713,82.34448,316.04,0.53,0.42,2026-09-28,2034,N20,VIIRS,n,2.0NRT,293.88,1.97,N
23.16807,82.33939,313.5,0.53,0.42,2026-09-28,2034,N20,VIIRS,n,2.0NRT,293.62,1.97,N
23.55841,87.23699,311.9,0.34,0.56,2026-09-28,2034,N20,VIIRS,n,2.0NRT,269.95,1.37,N
23.5609,87.08137,310.26,0.33,0.55,2026-09-28,2034,N20,VIIRS,n,2.0NRT,287.4,2.88,N
23.6151,86.78758,309.02,0.64,0.54,2026-09-28,2034,N20,VIIRS,n,2.0NRT,293.74,1.47,N
23.63241,86.29539,306.1,0.59,0.53,2026-09-28,2034,N20,VIIRS,n,2.0NRT,292.99,1.45,N
23.64702,85.43585,310.37,0.52,0.5,2026-09-28,2034,N20,VIIRS,n,2.0NRT,292.81,1.61,N
23.6473,85.43862,307.17,0.52,0.5,2026-09-28,2034,N20,VIIRS,n,2.0NRT,293.15,2.47,N
23.65154,85.43692,303.03,0.52,0.5,2026-09-28,2034,N20,VIIRS,n,2.0NRT,292.57,0.74,N
23.6571,85.50444,304.54,0.53,0.5,2026-09-28,2034,N20,VIIRS,n,2.0NRT,292.02,0.95,N
23.66416,87.15753,331.2,0.33,0.56,2026-09-28,2034,N20,VIIRS,n,2.0NRT,291.98,1.31,N
23.66486,87.15436,312.51,0.33,0.56,2026-09-28,2034,N20,VIIRS,n,2.0NRT,291.73,1.31,N
23.66556,87.15117,305.82,0.33,0.56,2026-09-28,2034,N20,VIIRS,n,2.0NRT,290.89,1.03,N
23.66916,87.1588,304.97,0.33,0.56,2026-09-28,2034,N20,VIIRS,n,2.0NRT,290.63,1.31,N
23.67029,86.9165,318.33,0.32,0.55,2026-09-28,2034,N20,VIIRS,n,2.0NRT,288.31,2.15,N
23.67078,86.09282,304.96,0.57,0.52,2026-09-28,2034,N20,VIIRS,n,2.0NRT,292.94,1.48,N
23.67112,86.93624,301.17,0.32,0.55,2026-09-28,2034,N20,VIIRS,n,2.0NRT,283.81,0.5,N
23.67606,86.39693,304.88,0.6,0.53,2026-09-28,2034,N20,VIIRS,n,2.0NRT,285.93,2.92,N
23.67726,86.39123,306.11,0.6,0.53,2026-09-28,2034,N20,VIIRS,n,2.0NRT,286.24,2.78,N
23.6778,86.08302,308.11,0.57,0.52,2026-09-28,2034,N20,VIIRS,n,2.0NRT,293.26,2.48,N
23.68014,86.09522,319.91,0.57,0.52,2026-09-28,2034,N20,VIIRS,n,2.0NRT,293.36,2.56,N
23.68076,86.39397,311.5,0.6,0.53,2026-09-28,2034,N20,VIIRS,n,2.0NRT,282.86,1.82,N
23.68131,86.08973,304,0.57,0.52,2026-09-28,2034,N20,VIIRS,n,2.0NRT,293.12,2.56,N
23.68555,86.3951,302.38,0.6,0.53,2026-09-28,2034,N20,VIIRS,n,2.0NRT,278.27,1.82,N
23.68676,86.38952,302.34,0.6,0.53,2026-09-28,2034,N20,VIIRS,n,2.0NRT,283.77,2.43,N
23.68825,87.12,314.36,0.33,0.55,2026-09-28,2034,N20,VIIRS,n,2.0NRT,291.77,1.84,N
23.69245,87.10081,306.12,0.33,0.55,2026-09-28,2034,N20,VIIRS,n,2.0NRT,292.39,1.76,N
23.69315,87.09763,309.38,0.33,0.55,2026-09-28,2034,N20,VIIRS,n,2.0NRT,292.21,1.73,N
23.69324,87.12125,325.37,0.33,0.55,2026-09-28,2034,N20,VIIRS,n,2.0NRT,292.94,2.58,N
23.69456,85.37139,315.16,0.52,0.5,2026-09-28,2034,N20,VIIRS,n,2.0NRT,293.22,1.82,N
23.69464,87.11487,312.38,0.33,0.55,2026-09-28,2034,N20,VIIRS,n,2.0NRT,292.18,2.46,N
23.69534,87.11168,305.24,0.33,0.55,2026-09-28,2034,N20,VIIRS,n,2.0NRT,291.72,2.05,N
23.69673,87.1053,308,0.33,0.55,2026-09-28,2034,N20,VIIRS,n,2.0NRT,291.9,0.99,N
23.69769,85.28931,311.43,0.51,0.49,2026-09-28,2034,N20,VIIRS,n,2.0NRT,293.4,1.93,N
23.69882,87.09575,305.48,0.33,0.55,2026-09-28,2034,N20,VIIRS,n,2.0NRT,292.5,0.71,N
23.71387,86.45055,308.96,0.6,0.53,2026-09-28,2034,N20,VIIRS,n,2.0NRT,292.6,3.33,N
23.72019,85.00854,305.43,0.49,0.49,2026-09-28,2034,N20,VIIRS,n,2.0NRT,292.21,0.93,N
23.73414,85.00488,302.08,0.49,0.49,2026-09-28,2034,N20,VIIRS,n,2.0NRT,291.78,0.73,N
23.73796,86.43232,322.17,0.6,0.53,2026-09-28,2034,N20,VIIRS,n,2.0NRT,293.31,6.44,N
23.73869,85.00798,303.19,0.49,0.49,2026-09-28,2034,N20,VIIRS,n,2.0NRT,292.52,1.14,N
23.74289,85.00702,304.36,0.49,0.49,2026-09-28,2034,N20,VIIRS,n,2.0NRT,293.35,2.42,N
23.74306,85.00907,303.61,0.49,0.49,2026-09-28,2034,N20,VIIRS,n,2.0NRT,292.88,1.14,N
23.75578,85.8528,310.66,0.55,0.51,2026-09-28,2034,N20,VIIRS,n,2.0NRT,293.73,2.78,N
23.75866,86.40102,318.4,0.6,0.53,2026-09-28,2034,N20,VIIRS,n,2.0NRT,289.39,3.95,N
23.75962,86.40147,321.95,0.6,0.53,2026-09-28,2034,N20,VIIRS,n,2.0NRT,289.79,3.34,N
23.76344,86.40217,316.02,0.6,0.53,2026-09-28,2034,N20,VIIRS,n,2.0NRT,284.77,3.95,N
23.7644,86.40263,315.07,0.6,0.53,2026-09-28,2034,N20,VIIRS,n,2.0NRT,286.86,3.34,N
23.76681,86.39125,301.74,0.6,0.53,2026-09-28,2034,N20,VIIRS,n,2.0NRT,287.11,3.35,N
23.7682,86.40337,299.35,0.6,0.53,2026-09-28,2034,N20,VIIRS,n,2.0NRT,278.3,0.7,N
23.77286,86.36273,306.04,0.59,0.53,2026-09-28,2034,N20,VIIRS,n,2.0NRT,290.39,1.49,N
23.77321,86.19685,311.79,0.58,0.52,2026-09-28,2034,N20,VIIRS,n,2.0NRT,293.55,1.92,N
23.77438,86.19135,305.92,0.58,0.52,2026-09-28,2034,N20,VIIRS,n,2.0NRT,293.28,1.92,N
23.77557,86.2091,308.57,0.58,0.52,2026-09-28,2034,N20,VIIRS,n,2.0NRT,293.83,3.33,N
23.77693,86.36356,309.5,0.59,0.53,2026-09-28,2034,N20,VIIRS,n,2.0NRT,290.76,2.06,N
23.7803,86.21019,330.18,0.58,0.52,2026-09-28,2034,N20,VIIRS,n,2.0NRT,294.71,6.49,N
23.78064,86.34661,305.97,0.59,0.53,2026-09-28,2034,N20,VIIRS,n,2.0NRT,291.96,1.21,N
23.78117,86.3708,300,0.59,0.53,2026-09-28,2034,N20,VIIRS,n,2.0NRT,283.98,1.2,N
23.78121,86.34693,305.85,0.59,0.53,2026-09-28,2034,N20,VIIRS,n,2.0NRT,291.99,1.8,N
23.78663,86.34213,306.57,0.59,0.53,2026-09-28,2034,N20,VIIRS,n,2.0NRT,291.65,1.21,N
23.78938,85.55457,305.62,0.53,0.5,2026-09-28,2034,N20,VIIRS,n,2.0NRT,292.54,1.22,N
23.79042,85.5496,304.45,0.53,0.5,2026-09-28,2034,N20,VIIRS,n,2.0NRT,292.67,1.22,N
23.7949,86.35013,312.59,0.59,0.53,2026-09-28,2034,N20,VIIRS,n,2.0NRT,291.79,2.32,N
23.79547,86.35049,313.27,0.59,0.53,2026-09-28,2034,N20,VIIRS,n,2.0NRT,292.01,2.94,N
23.8046,86.32859,324.34,0.59,0.53,2026-09-28,2034,N20,VIIRS,n,2.0NRT,294.65,4.93,N
24.14734,82.65786,305.58,0.53,0.42,2026-09-28,2034,N20,VIIRS,n,2.0NRT,293.49,0.93,N
24.15528,82.59503,310.09,0.53,0.42,2026-09-28,2034,N20,VIIRS,n,2.0NRT,293.2,1.35,N
24.18154,82.64407,303.9,0.53,0.42,2026-09-28,2034,N20,VIIRS,n,2.0NRT,293.35,0.7,N
24.1956,82.71699,304.57,0.53,0.42,2026-09-28,2034,N20,VIIRS,n,2.0NRT,293.03,0.59,N
24.19864,82.71471,315.3,0.53,0.42,2026-09-28,2034,N20,VIIRS,n,2.0NRT,294.17,2.2,N
24.20276,80.79822,304.44,0.44,0.38,2026-09-28,2034,N20,VIIRS,n,2.0NRT,293.91,0.72,N
24.44842,83.03935,305.2,0.55,0.43,2026-09-28,2034,N20,VIIRS,n,2.0NRT,294.45,1.2,N
24.45158,83.03933,305.04,0.55,0.43,2026-09-28,2034,N20,VIIRS,n,2.0NRT,294.47,1.04,N
24.76532,74.60949,310.27,0.47,0.4,2026-09-28,2034,N20,VIIRS,n,2.0NRT,296.04,1.24,N
25.38709,68.57956,320.26,0.36,0.57,2026-09-28,2034,N20,VIIRS,n,2.0NRT,293.91,1.32,N
26.63165,79.52834,306.75,0.39,0.36,2026-09-28,2034,N20,VIIRS,n,2.0NRT,294.27,0.87,N
26.6432,79.47886,313.89,0.39,0.36,2026-09-28,2034,N20,VIIRS,n,2.0NRT,292.62,0.86,N
26.87541,73.51472,304.29,0.56,0.43,2026-09-28,2034,N20,VIIRS,n,2.0NRT,294.23,1.89,N
27.6678,76.12717,304.11,0.43,0.38,2026-09-28,2034,N20,VIIRS,n,2.0NRT,293.61,1.62,N
27.66852,76.13017,307.77,0.43,0.38,2026-09-28,2034,N20,VIIRS,n,2.0NRT,294.88,1.42,N
28.05369,69.36894,303.43,0.34,0.56,2026-09-28,2034,N20,VIIRS,n,2.0NRT,292.54,0.86,N
28.054,69.36546,318.73,0.34,0.56,2026-09-28,2034,N20,VIIRS,n,2.0NRT,292.31,1.36,N
28.34625,77.25793,310.12,0.4,0.37,2026-09-28,2034,N20,VIIRS,n,2.0NRT,291.36,0.81,N
28.34643,77.23266,304.75,0.41,0.37,2026-09-28,2034,N20,VIIRS,n,2.0NRT,289.13,0.71,N
28.34703,77.22855,304.46,0.41,0.37,2026-09-28,2034,N20,VIIRS,n,2.0NRT,288.87,0.57,N
28.36453,77.22755,315.52,0.41,0.37,2026-09-28,2034,N20,VIIRS,n,2.0NRT,291.45,1.67,N
28.70785,76.8573,304.53,0.42,0.37,2026-09-28,2034,N20,VIIRS,n,2.0NRT,291.43,0.82,N
28.74278,76.9333,306.35,0.42,0.37,2026-09-28,2034,N20,VIIRS,n,2.0NRT,291.76,0.65,N
29.12596,75.77826,308.99,0.46,0.39,2026-09-28,2034,N20,VIIRS,n,2.0NRT,292.96,1.29,N
30.44611,70.56377,301.76,0.61,0.53,2026-09-28,2034,N20,VIIRS,n,2.0NRT,289.68,0.85,N
30.44758,70.56481,301.96,0.61,0.54,2026-09-28,2034,N20,VIIRS,n,2.0NRT,290.05,1.05,N
16.8715,80.02141,308.4,0.49,0.4,2026-09-28,2036,N20,VIIRS,n,2.0NRT,295.41,1.4,N
17.06317,76.97956,312.13,0.39,0.36,2026-09-28,2036,N20,VIIRS,n,2.0NRT,294.67,1.15,N
17.14035,77.17561,310.36,0.39,0.36,2026-09-28,2036,N20,VIIRS,n,2.0NRT,294.44,1.08,N
17.14248,77.18346,305.39,0.39,0.36,2026-09-28,2036,N20,VIIRS,n,2.0NRT,293.65,0.95,N
17.22316,79.17484,306.52,0.44,0.39,2026-09-28,2036,N20,VIIRS,n,2.0NRT,293.52,0.73,N
17.2454,81.11067,304.97,0.56,0.43,2026-09-28,2036,N20,VIIRS,n,2.0NRT,294.26,0.75,N
17.53116,82.99908,323.68,0.48,0.48,2026-09-28,2036,N20,VIIRS,n,2.0NRT,292.59,2.45,N
17.60633,83.20001,306.95,0.49,0.49,2026-09-28,2036,N20,VIIRS,n,2.0NRT,292.96,1.67,N
17.60986,83.20546,319.5,0.49,0.49,2026-09-28,2036,N20,VIIRS,n,2.0NRT,293.39,2.05,N
17.95731,80.79246,311.89,0.52,0.42,2026-09-28,2036,N20,VIIRS,n,2.0NRT,293,3.72,N
17.98231,80.82529,314.8,0.52,0.42,2026-09-28,2036,N20,VIIRS,n,2.0NRT,293.09,2.27,N
17.98233,80.82774,308.25,0.52,0.42,2026-09-28,2036,N20,VIIRS,n,2.0NRT,292.79,3.62,N
17.9832,80.82287,311.66,0.52,0.42,2026-09-28,2036,N20,VIIRS,n,2.0NRT,292.51,2.04,N
17.9852,80.83092,308.28,0.52,0.42,2026-09-28,2036,N20,VIIRS,n,2.0NRT,293.66,2.27,N
18.58662,71.03094,311.49,0.41,0.45,2026-09-28,2036,N20,VIIRS,n,2.0NRT,294.6,0.82,N
18.68237,73.03758,314.23,0.48,0.4,2026-09-28,2036,N20,VIIRS,n,2.0NRT,293.07,2.61,N
18.68298,73.03306,308.36,0.48,0.4,2026-09-28,2036,N20,VIIRS,n,2.0NRT,292.65,2.14,N
18.68307,73.03539,321,0.48,0.4,2026-09-28,2036,N20,VIIRS,n,2.0NRT,293.26,2.49,N
18.68664,73.03362,305.77,0.48,0.4,2026-09-28,2036,N20,VIIRS,n,2.0NRT,292.14,1.24,N
18.68726,73.02909,315.51,0.48,0.4,2026-09-28,2036,N20,VIIRS,n,2.0NRT,292.63,1.24,N
18.68738,73.03143,312.9,0.48,0.4,2026-09-28,2036,N20,VIIRS,n,2.0NRT,292.34,2.49,N
18.69335,73.03929,318.65,0.48,0.4,2026-09-28,2036,N20,VIIRS,n,2.0NRT,293.08,2.64,N
18.72022,79.53793,312.59,0.44,0.39,2026-09-28,2036,N20,VIIRS,n,2.0NRT,296.54,2.32,N
19.09553,82.16868,309.08,0.4,0.44,2026-09-28,2036,N20,VIIRS,n,2.0NRT,294.04,1.25,N
19.10024,82.1658,310.76,0.4,0.44,2026-09-28,2036,N20,VIIRS,n,2.0NRT,292.49,1.37,N
19.10251,73.05026,307.56,0.48,0.4,2026-09-28,2036,N20,VIIRS,n,2.0NRT,292.32,1.93,N
19.10425,82.16666,309.7,0.4,0.44,2026-09-28,2036,N20,VIIRS,n,2.0NRT,293.66,1.37,N
19.27733,71.42516,309.43,0.4,0.44,2026-09-28,2036,N20,VIIRS,n,2.0NRT,295.24,1.98,N
19.28138,71.42574,308.93,0.4,0.44,2026-09-28,2036,N20,VIIRS,n,2.0NRT,295.87,1.98,N
19.41846,71.38976,319.51,0.4,0.44,2026-09-28,2036,N20,VIIRS,n,2.0NRT,295.21,3.11,N
19.78626,79.14926,308.73,0.42,0.38,2026-09-28,2036,N20,VIIRS,n,2.0NRT,296.23,1.15,N
19.80272,78.8652,305.77,0.41,0.37,2026-09-28,2036,N20,VIIRS,n,2.0NRT,295.39,0.75,N
19.93581,73.71045,308.51,0.46,0.39,2026-09-28,2036,N20,VIIRS,n,2.0NRT,289.65,1.64,N
19.96256,79.33279,307.67,0.42,0.38,2026-09-28,2036,N20,VIIRS,n,2.0NRT,294.69,0.81,N
20.69638,78.63571,310.61,0.4,0.37,2026-09-28,2036,N20,VIIRS,n,2.0NRT,296.55,1.75,N
20.70227,78.62116,308.66,0.4,0.37,2026-09-28,2036,N20,VIIRS,n,2.0NRT,296.86,1.07,N
20.76207,85.29784,312.16,0.58,0.52,2026-09-28,2036,N20,VIIRS,n,2.0NRT,291.41,2.09,N
20.7632,85.29244,311.53,0.58,0.52,2026-09-28,2036,N20,VIIRS,n,2.0NRT,291.26,2.09,N
20.7853,85.25756,315.85,0.58,0.52,2026-09-28,2036,N20,VIIRS,n,2.0NRT,291.17,2.23,N
20.78889,85.26411,307.85,0.58,0.52,2026-09-28,2036,N20,VIIRS,n,2.0NRT,291.54,3.01,N
20.79003,85.25861,310.96,0.58,0.52,2026-09-28,2036,N20,VIIRS,n,2.0NRT,291.54,2.23,N
20.79589,85.25418,336.05,0.58,0.52,2026-09-28,2036,N20,VIIRS,n,2.0NRT,291.47,6.16,N
20.8053,85.25651,311.02,0.58,0.52,2026-09-28,2036,N20,VIIRS,n,2.0NRT,291.56,1.46,N
20.81001,85.25768,305.48,0.58,0.52,2026-09-28,2036,N20,VIIRS,n,2.0NRT,291.41,1.46,N
20.86477,84.98978,321.22,0.55,0.51,2026-09-28,2036,N20,VIIRS,n,2.0NRT,293.23,3.65,N
20.86942,84.99076,306.7,0.55,0.51,2026-09-28,2036,N20,VIIRS,n,2.0NRT,292.7,2.81,N
20.88539,84.98378,310.52,0.55,0.51,2026-09-28,2036,N20,VIIRS,n,2.0NRT,292.26,2.25,N
20.88894,84.98031,317.87,0.55,0.51,2026-09-28,2036,N20,VIIRS,n,2.0NRT,291.77,4.14,N
20.89107,84.97964,310.44,0.55,0.51,2026-09-28,2036,N20,VIIRS,n,2.0NRT,291.38,1.45,N
20.94057,86.05817,304.26,0.32,0.55,2026-09-28,2036,N20,VIIRS,n,2.0NRT,291.4,0.74,N
20.95374,86.04505,310.46,0.32,0.55,2026-09-28,2036,N20,VIIRS,n,2.0NRT,291.26,2.22,N
20.96206,86.00571,343.06,0.32,0.55,2026-09-28,2036,N20,VIIRS,n,2.0NRT,291.3,2.49,N
20.96207,85.16943,305.22,0.57,0.52,2026-09-28,2036,N20,VIIRS,n,2.0NRT,290.76,1.47,N
20.96304,85.17136,311.45,0.57,0.52,2026-09-28,2036,N20,VIIRS,n,2.0NRT,291.03,2.41,N
20.96315,85.1641,308.84,0.57,0.52,2026-09-28,2036,N20,VIIRS,n,2.0NRT,290.8,1.47,N
20.96349,85.18661,325.6,0.57,0.52,2026-09-28,2036,N20,VIIRS,n,2.0NRT,291.69,5.25,N
20.96416,85.16607,312,0.57,0.52,2026-09-28,2036,N20,VIIRS,n,2.0NRT,291.38,4.84,N
20.96434,85.18852,321.74,0.57,0.52,2026-09-28,2036,N20,VIIRS,n,2.0NRT,292.21,3.66,N
20.96458,85.18122,311.92,0.57,0.52,2026-09-28,2036,N20,VIIRS,n,2.0NRT,291.39,2.52,N
20.96548,85.18313,316.51,0.57,0.52,2026-09-28,2036,N20,VIIRS,n,2.0NRT,291.27,3.66,N
20.96566,85.17587,306.48,0.57,0.52,2026-09-28,2036,N20,VIIRS,n,2.0NRT,291.29,2.52,N
20.9657,86.01299,305.23,0.32,0.55,2026-09-28,2036,N20,VIIRS,n,2.0NRT,291.26,2.68,N
20.96634,86.00996,311.3,0.32,0.55,2026-09-28,2036,N20,VIIRS,n,2.0NRT,291.73,2.14,N
20.9666,85.17778,307.64,0.57,0.52,2026-09-28,2036,N20,VIIRS,n,2.0NRT,291.18,2.41,N
20.96674,85.17057,310.32,0.57,0.52,2026-09-28,2036,N20,VIIRS,n,2.0NRT,290.84,1.47,N
20.96698,86.00692,306.55,0.32,0.55,2026-09-28,2036,N20,VIIRS,n,2.0NRT,291.12,2.14,N
20.96751,85.15016,305.61,0.57,0.52,2026-09-28,2036,N20,VIIRS,n,2.0NRT,290.69,1.97,N
20.96771,85.17249,321.19,0.57,0.52,2026-09-28,2036,N20,VIIRS,n,2.0NRT,291.36,2.41,N
20.96781,85.16529,310.51,0.57,0.52,2026-09-28,2036,N20,VIIRS,n,2.0NRT,290.89,1.47,N
20.96826,86.00087,306.91,0.32,0.55,2026-09-28,2036,N20,VIIRS,n,2.0NRT,290.8,1.25,N
20.96996,85.15466,304.59,0.57,0.52,2026-09-28,2036,N20,VIIRS,n,2.0NRT,290.54,1.85,N
20.97033,85.17702,306.64,0.57,0.52,2026-09-28,2036,N20,VIIRS,n,2.0NRT,290.85,2.92,N
20.97062,86.01424,333.05,0.32,0.55,2026-09-28,2036,N20,VIIRS,n,2.0NRT,292.93,2.68,N
20.97125,86.01122,328.57,0.32,0.55,2026-09-28,2036,N20,VIIRS,n,2.0NRT,292.37,2.14,N
20.97141,85.1717,333.3,0.57,0.52,2026-09-28,2036,N20,VIIRS,n,2.0NRT,291.57,2.74,N
20.97238,85.17364,323.51,0.57,0.52,2026-09-28,2036,N20,VIIRS,n,2.0NRT,291.48,4.28,N
20.97317,86.00211,313.02,0.32,0.55,2026-09-28,2036,N20,VIIRS,n,2.0NRT,292.6,1.25,N
20.97607,85.17287,307.56,0.57,0.52,2026-09-28,2036,N20,VIIRS,n,2.0NRT,291.03,2.74,N
20.97714,85.16757,311.52,0.57,0.52,2026-09-28,2036,N20,VIIRS,n,2.0NRT,290.62,2.74,N
20.97815,85.16948,314.37,0.57,0.52,2026-09-28,2036,N20,VIIRS,n,2.0NRT,291.02,3.55,N
20.97893,85.1345,315,0.56,0.52,2026-09-28,2036,N20,VIIRS,n,2.0NRT,291.14,3.3,N
20.98017,85.13647,305.61,0.56,0.52,2026-09-28,2036,N20,VIIRS,n,2.0NRT,291.1,1.93,N
20.98129,85.13113,312.18,0.56,0.52,2026-09-28,2036,N20,VIIRS,n,2.0NRT,291.05,1.93,N
20.99979,86.02532,308.55,0.32,0.55,2026-09-28,2036,N20,VIIRS,n,2.0NRT,291.21,0.68,N
21.00449,86.02554,305.15,0.32,0.55,2026-09-28,2036,N20,VIIRS,n,2.0NRT,290.78,0.28,N
21.05578,72.85117,329.6,0.52,0.41,2026-09-28,2036,N20,VIIRS,n,2.0NRT,295.54,5.65,N
21.07844,85.03807,305.27,0.55,0.51,2026-09-28,2036,N20,VIIRS,n,2.0NRT,291.12,1.67,N
21.0795,85.03283,313.6,0.55,0.51,2026-09-28,2036,N20,VIIRS,n,2.0NRT,291.62,1.67,N
21.10387,72.63676,339.42,0.53,0.42,2026-09-28,2036,N20,VIIRS,n,2.0NRT,298.17,15.75,N
21.10459,72.64371,307.12,0.53,0.42,2026-09-28,2036,N20,VIIRS,n,2.0NRT,295.51,1.54,N
21.10523,72.63858,306.04,0.53,0.42,2026-09-28,2036,N20,VIIRS,n,2.0NRT,295.48,1.54,N
21.10589,72.63343,315.77,0.53,0.42,2026-09-28,2036,N20,VIIRS,n,2.0NRT,296.03,2.61,N
21.10704,72.64245,305.53,0.53,0.42,2026-09-28,2036,N20,VIIRS,n,2.0NRT,294.24,2.47,N
21.1136,72.6346,307.57,0.53,0.42,2026-09-28,2036,N20,VIIRS,n,2.0NRT,296.61,2.59,N
21.18122,81.38504,314.13,0.5,0.41,2026-09-28,2036,N20,VIIRS,n,2.0NRT,297.98,1.6,N
21.18493,81.38581,307.47,0.5,0.41,2026-09-28,2036,N20,VIIRS,n,2.0NRT,297.38,1.6,N
21.18777,81.39136,312.68,0.5,0.41,2026-09-28,2036,N20,VIIRS,n,2.0NRT,298.59,2.05,N
21.23527,79.62896,310.98,0.42,0.38,2026-09-28,2036,N20,VIIRS,n,2.0NRT,296.29,2,N
21.24032,79.22822,307.54,0.41,0.37,2026-09-28,2036,N20,VIIRS,n,2.0NRT,297.32,1.17,N
21.24505,79.22105,310.52,0.41,0.37,2026-09-28,2036,N20,VIIRS,n,2.0NRT,296.26,2.11,N
21.25043,79.20998,315.92,0.41,0.37,2026-09-28,2036,N20,VIIRS,n,2.0NRT,296.55,2.03,N
21.29981,81.60792,309.23,0.52,0.41,2026-09-28,2036,N20,VIIRS,n,2.0NRT,296.09,1.57,N
21.31087,81.59,307.32,0.51,0.41,2026-09-28,2036,N20,VIIRS,n,2.0NRT,296.85,1.43,N
21.33621,78.97018,315.51,0.4,0.37,2026-09-28,2036,N20,VIIRS,n,2.0NRT,296.23,1.29,N
21.33686,78.96633,312.3,0.4,0.37,2026-09-28,2036,N20,VIIRS,n,2.0NRT,296.38,1.29,N
21.34305,81.67053,307.12,0.52,0.41,2026-09-28,2036,N20,VIIRS,n,2.0NRT,296.27,1.56,N
21.37572,81.64175,309.36,0.52,0.41,2026-09-28,2036,N20,VIIRS,n,2.0NRT,297,1.78,N
21.37599,81.68253,311.36,0.52,0.41,2026-09-28,2036,N20,VIIRS,n,2.0NRT,297.39,1.86,N
21.48865,81.76998,306.56,0.52,0.42,2026-09-28,2036,N20,VIIRS,n,2.0NRT,296.41,0.86,N
21.62109,81.79145,305.97,0.52,0.42,2026-09-28,2036,N20,VIIRS,n,2.0NRT,295.88,1.57,N
21.67378,82.08028,307.98,0.54,0.42,2026-09-28,2036,N20,VIIRS,n,2.0NRT,295.8,1.15,N
21.73062,82.21299,306.28,0.55,0.42,2026-09-28,2036,N20,VIIRS,n,2.0NRT,295.73,0.95,N
21.79103,80.01787,307.53,0.43,0.38,2026-09-28,2036,N20,VIIRS,n,2.0NRT,295.35,0.6,N
21.80123,82.03757,309.16,0.53,0.42,2026-09-28,2036,N20,VIIRS,n,2.0NRT,295.76,1.06,N
21.80225,82.04113,307.84,0.53,0.42,2026-09-28,2036,N20,VIIRS,n,2.0NRT,296,1.52,N
22.26465,75.13434,307.88,0.42,0.38,2026-09-28,2036,N20,VIIRS,n,2.0NRT,296.97,1.26,N
22.93212,69.70015,306.35,0.56,0.52,2026-09-28,2036,N20,VIIRS,n,2.0NRT,294.85,1.96,N
22.93272,69.6946,310.57,0.56,0.52,2026-09-28,2036,N20,VIIRS,n,2.0NRT,294.62,1.96,N
11.1843,77.88615,301.29,0.45,0.39,2026-09-28,2038,N20,VIIRS,n,2.0NRT,281.32,1.41,N
11.18701,77.88532,296.32,0.45,0.39,2026-09-28,2038,N20,VIIRS,n,2.0NRT,280.62,1.69,N
11.43323,77.39467,310.71,0.43,0.38,2026-09-28,2038,N20,VIIRS,n,2.0NRT,291.58,2.44,N
11.51927,77.42399,329.31,0.43,0.38,2026-09-28,2038,N20,VIIRS,n,2.0NRT,288.16,3.45,N
15.6855,78.45747,308.26,0.43,0.38,2026-09-28,2038,N20,VIIRS,n,2.0NRT,293.91,0.96,N
15.91498,77.36227,305.33,0.4,0.37,2026-09-28,2038,N20,VIIRS,n,2.0NRT,292.85,0.71,N
33.29441,71.18516,299.18,0.7,0.75,2026-09-28,2212,N20,VIIRS,n,2.0NRT,285.09,1.4,N
33.29979,71.18488,303.52,0.7,0.75,2026-09-28,2212,N20,VIIRS,n,2.0NRT,285.35,1.05,N
28.05478,69.36685,300.42,0.76,0.77,2026-09-28,2214,N20,VIIRS,n,2.0NRT,288.43,0.51,N
28.05546,69.36992,300.37,0.76,0.77,2026-09-28,2214,N20,VIIRS,n,2.0NRT,288.65,1.12,N
31.77252,70.10484,300.77,0.67,0.74,2026-09-28,2214,N20,VIIRS,n,2.0NRT,286.33,0.69,N
25.55583,96.56409,326.82,0.37,0.58,2026-09-29,608,N20,VIIRS,n,2.0NRT,291.64,2.18,D
25.8622,96.63002,336.08,0.36,0.58,2026-09-29,608,N20,VIIRS,n,2.0NRT,293.7,3.47,D
25.86656,96.62511,340.38,0.36,0.58,2026-09-29,608,N20,VIIRS,n,2.0NRT,294.12,8.03,D
25.86736,96.62861,367,0.36,0.58,2026-09-29,608,N20,VIIRS,h,2.0NRT,295.34,7.92,D
25.86816,96.63206,336.81,0.36,0.58,2026-09-29,608,N20,VIIRS,n,2.0NRT,293.15,7.92,D
26.36885,96.61267,326.73,0.36,0.57,2026-09-29,608,N20,VIIRS,n,2.0NRT,293.37,1.54,D
27.70373,96.19749,328.33,0.35,0.57,2026-09-29,608,N20,VIIRS,n,2.0NRT,293.63,1.77,D
27.75938,96.12536,352.02,0.35,0.57,2026-09-29,608,N20,VIIRS,n,2.0NRT,296.43,11.28,D
27.76019,96.12885,350.89,0.35,0.57,2026-09-29,608,N20,VIIRS,n,2.0NRT,293.49,11.28,D
27.78161,96.17458,326.84,0.35,0.57,2026-09-29,608,N20,VIIRS,n,2.0NRT,293.7,2.09,D
6.2087,80.85428,340.3,0.4,0.44,2026-09-29,744,N20,VIIRS,n,2.0NRT,295.98,3.23,D
6.26998,80.81895,334.32,0.4,0.44,2026-09-29,744,N20,VIIRS,n,2.0NRT,294.8,3.69,D
6.3382,80.85527,341.16,0.4,0.44,2026-09-29,744,N20,VIIRS,n,2.0NRT,296.81,6.1,D
6.35103,81.13634,334.37,0.38,0.43,2026-09-29,744,N20,VIIRS,n,2.0NRT,295.92,3.23,D
6.55959,81.00917,341.52,0.39,0.44,2026-09-29,744,N20,VIIRS,n,2.0NRT,298.34,3.48,D
6.58515,81.01558,336.06,0.39,0.44,2026-09-29,744,N20,VIIRS,n,2.0NRT,298.84,2.5,D
6.60585,81.21908,331.77,0.56,0.43,2026-09-29,744,N20,VIIRS,n,2.0NRT,301.03,3.56,D
7.18669,81.74257,335.72,0.51,0.41,2026-09-29,744,N20,VIIRS,l,2.0NRT,297.55,7.66,D
7.30504,81.75372,330.85,0.51,0.41,2026-09-29,744,N20,VIIRS,l,2.0NRT,298.62,7.12,D
7.86593,79.90137,331.74,0.43,0.46,2026-09-29,744,N20,VIIRS,n,2.0NRT,296.26,4.52,D
7.9283,80.06871,334.67,0.42,0.45,2026-09-29,744,N20,VIIRS,n,2.0NRT,297.8,2.15,D
7.95251,80.06062,330.27,0.42,0.45,2026-09-29,744,N20,VIIRS,n,2.0NRT,296.18,2.3,D
8.03135,80.062,342.18,0.42,0.45,2026-09-29,744,N20,VIIRS,n,2.0NRT,283.12,14.1,D
8.05402,80.14719,338.82,0.42,0.45,2026-09-29,744,N20,VIIRS,n,2.0NRT,282.29,4.16,D
8.10409,79.87289,341.61,0.43,0.46,2026-09-29,744,N20,VIIRS,n,2.0NRT,292.53,4.77,D
8.23071,80.18237,339.41,0.41,0.45,2026-09-29,744,N20,VIIRS,n,2.0NRT,297.6,4.71,D
8.23759,80.72263,330.94,0.57,0.43,2026-09-29,744,N20,VIIRS,n,2.0NRT,295.16,4.53,D
8.24131,80.76941,331.66,0.57,0.43,2026-09-29,744,N20,VIIRS,n,2.0NRT,297.38,4.16,D
8.27536,80.65558,336.13,0.38,0.43,2026-09-29,744,N20,VIIRS,n,2.0NRT,296.61,3.65,D
8.28692,80.56387,347.17,0.39,0.44,2026-09-29,744,N20,VIIRS,n,2.0NRT,298.32,5.08,D
8.30118,80.76441,337.23,0.57,0.43,2026-09-29,744,N20,VIIRS,n,2.0NRT,297.04,3.57,D
8.30945,80.64914,341.81,0.38,0.43,2026-09-29,744,N20,VIIRS,n,2.0NRT,298.26,4.59,D
8.36436,80.48608,336.18,0.39,0.44,2026-09-29,744,N20,VIIRS,n,2.0NRT,296.98,3.89,D
8.37656,80.27831,332.03,0.4,0.44,2026-09-29,744,N20,VIIRS,n,2.0NRT,300.69,3.62,D
8.42104,80.51949,350.14,0.39,0.44,2026-09-29,744,N20,VIIRS,n,2.0NRT,302.89,14.22,D
8.42969,80.54678,339.65,0.39,0.44,2026-09-29,744,N20,VIIRS,n,2.0NRT,300.92,5.25,D
8.44567,80.5691,336.64,0.39,0.44,2026-09-29,744,N20,VIIRS,n,2.0NRT,299.71,4.09,D
8.46851,80.73171,330.2,0.57,0.43,2026-09-29,744,N20,VIIRS,n,2.0NRT,299.61,2.94,D
8.48484,80.17716,354.94,0.41,0.45,2026-09-29,744,N20,VIIRS,n,2.0NRT,299.51,11.37,D
8.49177,80.16844,332.33,0.41,0.45,2026-09-29,744,N20,VIIRS,n,2.0NRT,297.66,2.13,D
8.49563,80.48837,343.75,0.39,0.44,2026-09-29,744,N20,VIIRS,n,2.0NRT,300.98,6.6,D
8.49866,80.23495,331.47,0.4,0.45,2026-09-29,744,N20,VIIRS,n,2.0NRT,298.48,1.39,D
8.5159,80.74982,331.15,0.56,0.43,2026-09-29,744,N20,VIIRS,n,2.0NRT,301,5.64,D
8.57673,80.32469,331.29,0.4,0.44,2026-09-29,744,N20,VIIRS,n,2.0NRT,301.04,5.03,D
8.64532,80.51244,343.12,0.39,0.44,2026-09-29,744,N20,VIIRS,n,2.0NRT,295.25,4.52,D
8.64927,80.70632,331.59,0.56,0.43,2026-09-29,744,N20,VIIRS,n,2.0NRT,296.18,3.4,D
8.76177,80.20799,330.77,0.4,0.44,2026-09-29,744,N20,VIIRS,n,2.0NRT,299.77,5.24,D
8.78926,77.69003,335.54,0.59,0.53,2026-09-29,744,N20,VIIRS,l,2.0NRT,305.76,4.65,D
8.82293,78.12508,330.35,0.55,0.51,2026-09-29,744,N20,VIIRS,n,2.0NRT,298.18,2.96,D
8.86704,78.15784,331.42,0.55,0.51,2026-09-29,744,N20,VIIRS,n,2.0NRT,298.68,4.78,D
8.88203,80.45733,339.84,0.39,0.44,2026-09-29,744,N20,VIIRS,n,2.0NRT,297.47,6.49,D
8.92473,77.4861,337.07,0.61,0.53,2026-09-29,744,N20,VIIRS,n,2.0NRT,303.7,5.86,D
8.92647,77.48721,343.48,0.61,0.53,2026-09-29,744,N20,VIIRS,n,2.0NRT,303.15,9.2,D
8.94205,80.06474,344.18,0.41,0.45,2026-09-29,744,N20,VIIRS,n,2.0NRT,297.51,7.62,D
8.94226,80.06449,341.01,0.41,0.45,2026-09-29,744,N20,VIIRS,n,2.0NRT,297.3,7.89,D
8.94268,80.06841,340.23,0.41,0.45,2026-09-29,744,N20,VIIRS,n,2.0NRT,295.64,7.62,D
8.94287,80.06815,343.09,0.41,0.45,2026-09-29,744,N20,VIIRS,n,2.0NRT,295.86,7.89,D
9.00094,80.06601,333,0.41,0.45,2026-09-29,744,N20,VIIRS,n,2.0NRT,297.64,2.24,D
9.21624,80.25036,339.95,0.39,0.44,2026-09-29,744,N20,VIIRS,n,2.0NRT,299.3,4.4,D
9.45077,80.37487,333.33,0.38,0.43,2026-09-29,744,N20,VIIRS,n,2.0NRT,299.46,2.48,D
9.68816,80.2757,331.72,0.39,0.44,2026-09-29,744,N20,VIIRS,n,2.0NRT,300.02,4.24,D
9.6946,78.82972,330.47,0.48,0.48,2026-09-29,744,N20,VIIRS,n,2.0NRT,297.44,2.34,D
9.88835,78.82493,334.78,0.47,0.48,2026-09-29,744,N20,VIIRS,n,2.0NRT,298.04,2.2,D
10.15889,78.61168,339.97,0.48,0.48,2026-09-29,744,N20,VIIRS,n,2.0NRT,298.13,4.34,D
10.53391,79.64426,332.39,0.41,0.45,2026-09-29,744,N20,VIIRS,l,2.0NRT,303,2.39,D
10.54987,79.61479,343.91,0.41,0.45,2026-09-29,744,N20,VIIRS,n,2.0NRT,304.66,3.52,D
10.64989,79.66122,331.95,0.41,0.45,2026-09-29,744,N20,VIIRS,n,2.0NRT,300.07,1.33,D
10.67371,78.76625,339.29,0.46,0.47,2026-09-29,744,N20,VIIRS,n,2.0NRT,300.64,3.92,D
10.72566,77.99836,335.75,0.52,0.5,2026-09-29,744,N20,VIIRS,n,2.0NRT,299.1,5.65,D
10.80482,78.70608,335.86,0.47,0.47,2026-09-29,744,N20,VIIRS,n,2.0NRT,296.27,2.31,D
10.91853,78.17508,332.18,0.5,0.49,2026-09-29,744,N20,VIIRS,n,2.0NRT,295.58,3.41,D
10.93981,79.12971,343.7,0.44,0.46,2026-09-29,744,N20,VIIRS,n,2.0NRT,304.55,4.39,D
11.25402,79.47878,333.7,0.41,0.45,2026-09-29,744,N20,VIIRS,n,2.0NRT,297.27,2.14,D
11.65912,78.41797,342.05,0.47,0.48,2026-09-29,744,N20,VIIRS,n,2.0NRT,298.47,4.32,D
11.75572,79.01936,330.21,0.43,0.46,2026-09-29,744,N20,VIIRS,n,2.0NRT,300.13,2.72,D
11.66898,78.16704,333.44,0.49,0.48,2026-09-29,746,N20,VIIRS,n,2.0NRT,296.83,2.13,D
11.70492,78.2152,336.75,0.48,0.48,2026-09-29,746,N20,VIIRS,n,2.0NRT,297.26,4.41,D
14.00939,79.78369,333.68,0.53,0.42,2026-09-29,746,N20,VIIRS,l,2.0NRT,305.71,4.96,D
14.07529,79.89146,336.2,0.53,0.42,2026-09-29,746,N20,VIIRS,n,2.0NRT,301.67,4.64,D
14.14442,79.79692,335.76,0.53,0.42,2026-09-29,746,N20,VIIRS,n,2.0NRT,302.68,3.06,D
14.25638,79.63275,330.01,0.54,0.42,2026-09-29,746,N20,VIIRS,l,2.0NRT,301.83,4.61,D
14.93597,78.32538,336.25,0.42,0.45,2026-09-29,746,N20,VIIRS,n,2.0NRT,300.02,4.63,D
15.04553,78.10429,336.4,0.43,0.46,2026-09-29,746,N20,VIIRS,n,2.0NRT,301.35,5.58,D
15.04969,78.10345,337.14,0.43,0.46,2026-09-29,746,N20,VIIRS,n,2.0NRT,298.41,3.17,D
15.11771,79.62009,351.06,0.53,0.42,2026-09-29,746,N20,VIIRS,n,2.0NRT,312,13.24,D
15.22657,78.61636,332.44,0.4,0.44,2026-09-29,746,N20,VIIRS,n,2.0NRT,297.55,2.61,D
15.25272,78.62293,338.99,0.4,0.44,2026-09-29,746,N20,VIIRS,n,2.0NRT,302.09,5.57,D
15.25339,78.62666,332.44,0.4,0.44,2026-09-29,746,N20,VIIRS,n,2.0NRT,300.03,5.57,D
15.4571,79.09087,330.02,0.56,0.43,2026-09-29,746,N20,VIIRS,l,2.0NRT,302.99,3.24,D
15.62222,79.86205,337.51,0.5,0.41,2026-09-29,746,N20,VIIRS,n,2.0NRT,304.09,5.26,D
16.29234,77.3502,331.34,0.46,0.47,2026-09-29,746,N20,VIIRS,n,2.0NRT,297.58,0.91,D
16.29464,77.3526,331.48,0.46,0.47,2026-09-29,746,N20,VIIRS,n,2.0NRT,298.43,1.07,D
16.35003,81.40497,339.82,0.42,0.38,2026-09-29,746,N20,VIIRS,n,2.0NRT,302.4,3.38,D
16.35042,81.40434,335.29,0.42,0.38,2026-09-29,746,N20,VIIRS,n,2.0NRT,301.77,3.08,D
16.57848,77.64194,330.31,0.44,0.46,2026-09-29,746,N20,VIIRS,n,2.0NRT,297.88,2.95,D
16.70156,76.84869,330.88,0.49,0.48,2026-09-29,746,N20,VIIRS,n,2.0NRT,298.19,3.46,D
17.59553,78.98637,332,0.53,0.42,2026-09-29,746,N20,VIIRS,n,2.0NRT,298.95,1.77,D
17.65134,79.25768,344.76,0.51,0.41,2026-09-29,746,N20,VIIRS,n,2.0NRT,300.92,11.03,D
17.78785,79.67275,332.41,0.48,0.4,2026-09-29,746,N20,VIIRS,n,2.0NRT,298.14,3.56,D
18.61534,83.2235,332.49,0.38,0.36,2026-09-29,746,N20,VIIRS,n,2.0NRT,301.18,2.49,D
18.78663,78.40167,333.4,0.54,0.42,2026-09-29,746,N20,VIIRS,n,2.0NRT,303.41,3.18,D
18.86722,78.39889,331.9,0.54,0.42,2026-09-29,746,N20,VIIRS,n,2.0NRT,301.05,4.02,D
19.09761,82.1674,338.71,0.39,0.36,2026-09-29,746,N20,VIIRS,n,2.0NRT,307.94,4.6,D
19.35904,83.93087,330.42,0.39,0.36,2026-09-29,746,N20,VIIRS,n,2.0NRT,298.57,1.38,D
20.53314,85.90697,331.99,0.46,0.39,2026-09-29,746,N20,VIIRS,n,2.0NRT,292.45,2.9,D
20.76124,85.29874,336.93,0.44,0.38,2026-09-29,748,N20,VIIRS,n,2.0NRT,306.07,6.64,D
20.79462,85.25541,335.5,0.43,0.38,2026-09-29,748,N20,VIIRS,n,2.0NRT,302.9,10.24,D
20.80569,85.25799,332.41,0.43,0.38,2026-09-29,748,N20,VIIRS,l,2.0NRT,303.86,5.38,D
20.86268,84.98952,338.43,0.43,0.38,2026-09-29,748,N20,VIIRS,n,2.0NRT,299.83,7.21,D
20.88634,84.98168,332.33,0.42,0.38,2026-09-29,748,N20,VIIRS,n,2.0NRT,302.2,4.5,D
20.96212,85.18442,332.24,0.43,0.38,2026-09-29,748,N20,VIIRS,l,2.0NRT,302.91,5.82,D
20.96268,85.18859,346.68,0.43,0.38,2026-09-29,748,N20,VIIRS,n,2.0NRT,307.12,5.82,D
20.96392,85.17146,335.19,0.43,0.38,2026-09-29,748,N20,VIIRS,n,2.0NRT,303.19,7.07,D
20.96797,85.17506,347.45,0.43,0.38,2026-09-29,748,N20,VIIRS,n,2.0NRT,304.35,9.06,D
20.97496,85.17401,331.06,0.43,0.38,2026-09-29,748,N20,VIIRS,l,2.0NRT,302.44,2.55,D
20.98032,85.13517,330.22,0.43,0.38,2026-09-29,748,N20,VIIRS,l,2.0NRT,301.25,3.28,D
21.04826,80.82903,332.27,0.4,0.37,2026-09-29,748,N20,VIIRS,l,2.0NRT,305.36,5.18,D
21.07859,85.03606,344.01,0.43,0.38,2026-09-29,748,N20,VIIRS,n,2.0NRT,305.93,8.17,D
21.09685,72.71104,334.39,0.37,0.58,2026-09-29,748,N20,VIIRS,n,2.0NRT,293.64,2.92,D
21.67659,84.03939,333.93,0.4,0.37,2026-09-29,748,N20,VIIRS,l,2.0NRT,305.84,5.98,D
21.74679,83.8428,338.19,0.4,0.37,2026-09-29,748,N20,VIIRS,n,2.0NRT,301.5,4.06,D
21.92001,83.35057,343.04,0.39,0.36,2026-09-29,748,N20,VIIRS,n,2.0NRT,308.13,5.5,D
21.92333,83.35001,333.6,0.39,0.36,2026-09-29,748,N20,VIIRS,l,2.0NRT,304.71,3.86,D
21.98388,83.23184,330.01,0.39,0.36,2026-09-29,748,N20,VIIRS,l,2.0NRT,303.83,1.93,D
22.01636,83.75478,335.09,0.4,0.37,2026-09-29,748,N20,VIIRS,l,2.0NRT,306.01,5.18,D
22.03896,83.73139,339.58,0.4,0.37,2026-09-29,748,N20,VIIRS,n,2.0NRT,306.72,4.25,D
22.04231,83.73085,335.34,0.4,0.37,2026-09-29,748,N20,VIIRS,n,2.0NRT,303.85,4.25,D
22.31907,82.56245,332.26,0.38,0.36,2026-09-29,748,N20,VIIRS,n,2.0NRT,302.04,3.19,D
22.32297,82.58841,342.38,0.39,0.36,2026-09-29,748,N20,VIIRS,n,2.0NRT,298.56,6.03,D
22.35728,82.30122,335.66,0.38,0.36,2026-09-29,748,N20,VIIRS,n,2.0NRT,305.37,5.26,D
22.35785,82.30492,337.85,0.38,0.36,2026-09-29,748,N20,VIIRS,n,2.0NRT,307.36,5.26,D
22.37796,87.27955,343.75,0.57,0.43,2026-09-29,748,N20,VIIRS,n,2.0NRT,302.5,11.43,D
22.49149,76.73888,341.46,0.39,0.44,2026-09-29,748,N20,VIIRS,n,2.0NRT,304.13,2.83,D
22.5474,75.42942,341.94,0.47,0.48,2026-09-29,748,N20,VIIRS,n,2.0NRT,309.16,3.14,D
22.59205,76.71364,331.02,0.39,0.44,2026-09-29,748,N20,VIIRS,l,2.0NRT,305.65,1.32,D
22.72738,75.43676,338.3,0.46,0.47,2026-09-29,748,N20,VIIRS,n,2.0NRT,308.15,3.46,D
22.75153,76.07218,340.14,0.42,0.46,2026-09-29,748,N20,VIIRS,n,2.0NRT,308.58,3.76,D
22.79021,76.44679,332.19,0.4,0.44,2026-09-29,748,N20,VIIRS,l,2.0NRT,306.95,1.93,D
22.81262,75.20267,338.75,0.48,0.48,2026-09-29,748,N20,VIIRS,n,2.0NRT,309,3.51,D
23.04185,75.87617,333.34,0.43,0.46,2026-09-29,748,N20,VIIRS,l,2.0NRT,307.88,0.91,D
23.08401,76.44513,334.4,0.4,0.44,2026-09-29,748,N20,VIIRS,l,2.0NRT,308.51,2.03,D
23.09866,76.14652,333.83,0.41,0.45,2026-09-29,748,N20,VIIRS,n,2.0NRT,308.59,2.53,D
23.16474,82.33713,330.58,0.38,0.36,2026-09-29,748,N20,VIIRS,n,2.0NRT,301.8,3.41,D
23.1653,82.34086,339.74,0.38,0.36,2026-09-29,748,N20,VIIRS,n,2.0NRT,304.31,6.23,D
23.28979,92.81496,327.92,0.43,0.62,2026-09-29,748,N20,VIIRS,n,2.0NRT,284.43,3.02,D
23.55724,87.23998,343.69,0.39,0.44,2026-09-29,748,N20,VIIRS,n,2.0NRT,295.35,4.7,D
23.67652,86.39893,331.26,0.52,0.42,2026-09-29,748,N20,VIIRS,n,2.0NRT,298.23,7.82,D
23.67957,86.08732,331.11,0.51,0.41,2026-09-29,748,N20,VIIRS,n,2.0NRT,296.56,6.06,D
23.68019,86.09227,334.37,0.51,0.41,2026-09-29,748,N20,VIIRS,n,2.0NRT,296.16,6.22,D
23.68081,86.09723,334.3,0.51,0.41,2026-09-29,748,N20,VIIRS,n,2.0NRT,294.23,6.22,D
23.68351,86.39266,329.93,0.52,0.42,2026-09-29,748,N20,VIIRS,n,2.0NRT,296.95,4.97,D
23.68709,86.08624,333.06,0.51,0.41,2026-09-29,748,N20,VIIRS,n,2.0NRT,294.6,3.89,D
23.77962,86.21001,345.24,0.51,0.41,2026-09-29,748,N20,VIIRS,n,2.0NRT,296.18,5.76,D
23.77984,86.21276,334.11,0.51,0.41,2026-09-29,748,N20,VIIRS,n,2.0NRT,296.45,3.68,D
27.74186,96.28973,333.83,0.78,0.78,2026-09-29,748,N20,VIIRS,n,2.0NRT,290.07,8.48,D
27.74904,96.32979,327.23,0.79,0.78,2026-09-29,748,N20,VIIRS,n,2.0NRT,289.68,8.44,D
27.75081,96.329,327.7,0.79,0.78,2026-09-29,748,N20,VIIRS,n,2.0NRT,290.18,5.8,D
25.65714,72.23977,346.83,0.32,0.55,2026-09-29,750,N20,VIIRS,n,2.0NRT,305.39,5.84,D
25.65765,72.23819,330.29,0.32,0.55,2026-09-29,750,N20,VIIRS,n,2.0NRT,303.71,4.63,D
25.6578,72.24281,343.83,0.32,0.55,2026-09-29,750,N20,VIIRS,n,2.0NRT,299.6,4.54,D
25.65833,72.24123,367,0.32,0.54,2026-09-29,750,N20,VIIRS,h,2.0NRT,299.51,4.88,D
26.52156,77.69675,331.11,0.46,0.39,2026-09-29,750,N20,VIIRS,n,2.0NRT,304.45,1.95,D
26.91471,81.05251,331.98,0.38,0.36,2026-09-29,750,N20,VIIRS,n,2.0NRT,298.76,4.74,D
26.91529,81.05634,342.89,0.38,0.36,2026-09-29,750,N20,VIIRS,n,2.0NRT,300.56,5.48,D
28.19149,77.61999,331.89,0.44,0.38,2026-09-29,750,N20,VIIRS,n,2.0NRT,301.88,1.61,D
28.19499,77.61921,330.03,0.44,0.38,2026-09-29,750,N20,VIIRS,l,2.0NRT,301.18,1.94,D
28.24633,76.66773,335.16,0.48,0.4,2026-09-29,750,N20,VIIRS,n,2.0NRT,303.52,3.07,D
28.62781,76.15293,337.69,0.5,0.41,2026-09-29,750,N20,VIIRS,n,2.0NRT,305.75,3.94,D
28.6315,76.15203,338.55,0.5,0.41,2026-09-29,750,N20,VIIRS,n,2.0NRT,305.3,5.92,D
29.53447,74.48869,334.41,0.39,0.44,2026-09-29,750,N20,VIIRS,n,2.0NRT,300.35,3.09,D
29.62198,77.99657,331.7,0.42,0.37,2026-09-29,750,N20,VIIRS,n,2.0NRT,300.4,2.5,D
29.87124,77.74375,342.16,0.42,0.38,2026-09-29,750,N20,VIIRS,n,2.0NRT,300.37,3.09,D
30.05832,73.25651,339.52,0.45,0.47,2026-09-29,750,N20,VIIRS,n,2.0NRT,296.4,3.5,D
30.48381,73.68839,341,0.42,0.45,2026-09-29,750,N20,VIIRS,n,2.0NRT,299.1,8.87,D
30.56248,73.98853,338.33,0.4,0.44,2026-09-29,750,N20,VIIRS,n,2.0NRT,299.61,2.07,D
30.829,73.80161,352.45,0.41,0.45,2026-09-29,750,N20,VIIRS,n,2.0NRT,303.86,15.1,D
30.85542,73.95421,343.8,0.4,0.44,2026-09-29,750,N20,VIIRS,n,2.0NRT,301.07,3.57,D
30.85627,73.95464,340.2,0.4,0.44,2026-09-29,750,N20,VIIRS,n,2.0NRT,301.77,3.6,D
30.94599,76.82039,354.26,0.44,0.38,2026-09-29,750,N20,VIIRS,n,2.0NRT,299.96,14.7,D
31.10948,74.64301,331.2,0.54,0.42,2026-09-29,750,N20,VIIRS,n,2.0NRT,304.59,2.34,D
31.11901,72.06223,330.65,0.5,0.49,2026-09-29,750,N20,VIIRS,n,2.0NRT,297.6,2.63,D
31.20181,74.55953,332.09,0.55,0.43,2026-09-29,750,N20,VIIRS,n,2.0NRT,300.46,2.89,D
31.40313,75.06059,336.14,0.51,0.41,2026-09-29,750,N20,VIIRS,n,2.0NRT,305.01,3.93,D
31.4032,75.05873,336.19,0.51,0.41,2026-09-29,750,N20,VIIRS,n,2.0NRT,303.69,3.54,D
31.52016,74.02271,341.41,0.38,0.44,2026-09-29,750,N20,VIIRS,n,2.0NRT,301.82,4.54,D
31.63489,74.93806,345.55,0.52,0.41,2026-09-29,750,N20,VIIRS,n,2.0NRT,305.97,6.29,D
31.64517,74.99128,334.51,0.51,0.41,2026-09-29,750,N20,VIIRS,n,2.0NRT,305.36,3.28,D
31.67799,74.9994,335.77,0.51,0.41,2026-09-29,750,N20,VIIRS,n,2.0NRT,307.32,3.23,D
31.73813,73.7951,332.85,0.39,0.44,2026-09-29,750,N20,VIIRS,n,2.0NRT,301.27,2.32,D
31.76988,75.0891,331.94,0.51,0.41,2026-09-29,750,N20,VIIRS,n,2.0NRT,302.67,3.3,D
31.77913,74.79035,330.55,0.52,0.42,2026-09-29,750,N20,VIIRS,n,2.0NRT,304.07,2.58,D
31.78327,74.22134,340.27,0.56,0.43,2026-09-29,750,N20,VIIRS,n,2.0NRT,302.45,7.81,D
31.78347,74.22315,337.95,0.56,0.43,2026-09-29,750,N20,VIIRS,n,2.0NRT,300.67,11.4,D
31.78713,74.22029,338.04,0.56,0.43,2026-09-29,750,N20,VIIRS,n,2.0NRT,302.91,8.85,D
31.78733,74.2221,342.88,0.56,0.43,2026-09-29,750,N20,VIIRS,n,2.0NRT,304.36,11.4,D
31.80175,74.06958,333.33,0.57,0.43,2026-09-29,750,N20,VIIRS,n,2.0NRT,302.46,5.51,D
31.87343,74.79098,331.19,0.52,0.42,2026-09-29,750,N20,VIIRS,n,2.0NRT,301.17,2.84,D
31.9014,74.13927,339.82,0.56,0.43,2026-09-29,750,N20,VIIRS,n,2.0NRT,304.06,7.85,D
31.91951,73.86031,347.78,0.39,0.44,2026-09-29,750,N20,VIIRS,n,2.0NRT,304,7.3,D
31.92376,73.62509,332.51,0.4,0.44,2026-09-29,750,N20,VIIRS,n,2.0NRT,300.02,3.05,D
31.95382,74.96368,332.6,0.51,0.41,2026-09-29,750,N20,VIIRS,n,2.0NRT,301.69,3.32,D
31.98582,73.9104,330.43,0.57,0.43,2026-09-29,750,N20,VIIRS,n,2.0NRT,301.47,6.49,D
31.98701,73.91632,330.61,0.57,0.43,2026-09-29,750,N20,VIIRS,n,2.0NRT,298.03,6.49,D
32.17649,73.94369,335.19,0.57,0.43,2026-09-29,750,N20,VIIRS,n,2.0NRT,301.8,6.7,D
32.1765,73.94708,330.97,0.57,0.43,2026-09-29,750,N20,VIIRS,n,2.0NRT,300.23,4.41,D
32.18039,73.94601,335.64,0.57,0.43,2026-09-29,750,N20,VIIRS,n,2.0NRT,302.83,5.34,D
32.21074,73.83167,332.1,0.57,0.43,2026-09-29,750,N20,VIIRS,n,2.0NRT,301.01,7.13,D
32.2237,73.79349,332.5,0.38,0.43,2026-09-29,750,N20,VIIRS,n,2.0NRT,302.4,2.94,D
33.80534,74.93096,330.67,0.48,0.4,2026-09-29,752,N20,VIIRS,n,2.0NRT,300.27,2.47,D
33.80629,74.93597,325.65,0.48,0.4,2026-09-29,752,N20,VIIRS,l,2.0NRT,300.53,2.3,D